-- --------------------------------------------------------
-- Host:                         127.0.0.1
-- Server version:               10.11.3-MariaDB - mariadb.org binary distribution
-- Server OS:                    Win64
-- HeidiSQL Version:             12.6.0.6765
-- --------------------------------------------------------

/*!40101 SET @OLD_CHARACTER_SET_CLIENT=@@CHARACTER_SET_CLIENT */;
/*!40101 SET NAMES utf8 */;
/*!50503 SET NAMES utf8mb4 */;
/*!40103 SET @OLD_TIME_ZONE=@@TIME_ZONE */;
/*!40103 SET TIME_ZONE='+00:00' */;
/*!40014 SET @OLD_FOREIGN_KEY_CHECKS=@@FOREIGN_KEY_CHECKS, FOREIGN_KEY_CHECKS=0 */;
/*!40101 SET @OLD_SQL_MODE=@@SQL_MODE, SQL_MODE='NO_AUTO_VALUE_ON_ZERO' */;
/*!40111 SET @OLD_SQL_NOTES=@@SQL_NOTES, SQL_NOTES=0 */;


-- Dumping database structure for diplomski_app
DROP DATABASE IF EXISTS `diplomski_app`;
CREATE DATABASE IF NOT EXISTS `diplomski_app` /*!40100 DEFAULT CHARACTER SET utf8mb4 COLLATE utf8mb4_unicode_ci */;
USE `diplomski_app`;

-- Dumping structure for table diplomski_app.address
DROP TABLE IF EXISTS `address`;
CREATE TABLE IF NOT EXISTS `address` (
  `address_id` int(10) unsigned NOT NULL AUTO_INCREMENT,
  `street_and_number` varchar(255) NOT NULL,
  `zip_code` varchar(10) NOT NULL,
  `city` varchar(128) NOT NULL,
  `country_id` int(10) unsigned NOT NULL,
  `phone_number` varchar(128) NOT NULL,
  `user_id` int(10) unsigned NOT NULL,
  `is_active` tinyint(1) unsigned NOT NULL DEFAULT 1,
  PRIMARY KEY (`address_id`),
  UNIQUE KEY `uq_address_phone_number` (`phone_number`),
  UNIQUE KEY `uq_address_street_and_number` (`street_and_number`),
  KEY `fk_address_user_id` (`user_id`),
  KEY `fk_address_country_id` (`country_id`),
  CONSTRAINT `fk_address_country_id` FOREIGN KEY (`country_id`) REFERENCES `country` (`country_id`) ON UPDATE CASCADE,
  CONSTRAINT `fk_address_user_id` FOREIGN KEY (`user_id`) REFERENCES `user` (`user_id`) ON UPDATE CASCADE
) ENGINE=InnoDB DEFAULT CHARSET=utf8mb4 COLLATE=utf8mb4_unicode_ci;

-- Dumping data for table diplomski_app.address: ~4 rows (approximately)
DELETE FROM `address`;
INSERT INTO `address` (`address_id`, `street_and_number`, `zip_code`, `city`, `country_id`, `phone_number`, `user_id`, `is_active`) VALUES
	(2, 'Pere Perica 11', '11000', 'Belgrade', 153, '+381611234567', 3, 1),
	(3, 'Bulevar Arsenija Carnojevica 86', '11150', 'Belgrade', 153, '+381641373276', 12, 1),
	(4, 'Bulevar Arsenija Carnojevica 182', '11070', 'Belgrade', 153, '+3816111111111', 12, 1),
	(5, 'Pere Perica 13', '11304', 'Belgrade', 153, '+381624444444', 12, 1);

-- Dumping structure for table diplomski_app.administrator
DROP TABLE IF EXISTS `administrator`;
CREATE TABLE IF NOT EXISTS `administrator` (
  `administrator_id` int(10) unsigned NOT NULL AUTO_INCREMENT,
  `username` varchar(64) NOT NULL,
  `password_hash` varchar(128) NOT NULL,
  `created_at` timestamp NOT NULL DEFAULT current_timestamp(),
  `is_active` tinyint(1) unsigned NOT NULL DEFAULT 1,
  PRIMARY KEY (`administrator_id`),
  UNIQUE KEY `uq_administrator_username` (`username`)
) ENGINE=InnoDB DEFAULT CHARSET=utf8mb4 COLLATE=utf8mb4_unicode_ci;

-- Dumping data for table diplomski_app.administrator: ~0 rows (approximately)
DELETE FROM `administrator`;
INSERT INTO `administrator` (`administrator_id`, `username`, `password_hash`, `created_at`, `is_active`) VALUES
	(1, 'administrator', '$2b$10$IMzeaW3XruiyZRs1jRK9NuN4b1JknWpYMf0ADWid.EOKCdh1TYVH.', '2022-08-12 09:51:57', 1),
	(2, 'administrator-sest', '$2b$10$IQ.5.v40ZJ0Oe/mGrwD6auu9WEVLuE5fSSkaoVEbSC6P1o0F9Gw4e', '2023-06-12 18:49:54', 1);

-- Dumping structure for table diplomski_app.aircraft
DROP TABLE IF EXISTS `aircraft`;
CREATE TABLE IF NOT EXISTS `aircraft` (
  `aircraft_id` int(10) unsigned NOT NULL AUTO_INCREMENT,
  `aircraft_type` enum('Narrow-body','Wide-body') NOT NULL,
  `aircraft_name` varchar(255) NOT NULL,
  PRIMARY KEY (`aircraft_id`),
  UNIQUE KEY `uq_aircraft_name` (`aircraft_name`) USING BTREE
) ENGINE=InnoDB DEFAULT CHARSET=utf8mb4 COLLATE=utf8mb4_unicode_ci;

-- Dumping data for table diplomski_app.aircraft: ~7 rows (approximately)
DELETE FROM `aircraft`;
INSERT INTO `aircraft` (`aircraft_id`, `aircraft_type`, `aircraft_name`) VALUES
	(1, 'Wide-body', 'Boeing 777-300'),
	(2, 'Narrow-body', 'Airbus A319-100'),
	(3, 'Narrow-body', 'ATR 72-600'),
	(4, 'Narrow-body', 'Boeing 737-800'),
	(5, 'Wide-body', 'Boeing 747-8I'),
	(6, 'Wide-body', 'Airbus A380-800'),
	(7, 'Narrow-body', 'Embraer E175'),
	(8, 'Narrow-body', 'Airbus A220');

-- Dumping structure for table diplomski_app.airport
DROP TABLE IF EXISTS `airport`;
CREATE TABLE IF NOT EXISTS `airport` (
  `airport_id` int(10) unsigned NOT NULL AUTO_INCREMENT,
  `airport_code` varchar(3) NOT NULL,
  `airport_name` varchar(255) NOT NULL,
  `city` varchar(255) NOT NULL,
  `country_id` int(10) unsigned NOT NULL,
  `time_zone_id` int(10) unsigned NOT NULL,
  PRIMARY KEY (`airport_id`),
  UNIQUE KEY `uq_airport_airport_code` (`airport_code`),
  KEY `fk_airport_country_id` (`country_id`),
  KEY `fk_airport_time_zone_id` (`time_zone_id`),
  CONSTRAINT `fk_airport_country_id` FOREIGN KEY (`country_id`) REFERENCES `country` (`country_id`) ON UPDATE CASCADE,
  CONSTRAINT `fk_airport_time_zone_id` FOREIGN KEY (`time_zone_id`) REFERENCES `time_zone` (`time_zone_id`)
) ENGINE=InnoDB DEFAULT CHARSET=utf8mb4 COLLATE=utf8mb4_unicode_ci;

-- Dumping data for table diplomski_app.airport: ~6 rows (approximately)
DELETE FROM `airport`;
INSERT INTO `airport` (`airport_id`, `airport_code`, `airport_name`, `city`, `country_id`, `time_zone_id`) VALUES
	(1, 'BEG', 'Nikola Tesla', 'Belgrade', 153, 277),
	(2, 'VIE', 'Vienna International', 'Vienna', 10, 307),
	(3, 'LHR', 'Heathrow', 'London', 185, 291),
	(10, 'JFK', 'John F. Kennedy International', 'New York', 186, 104),
	(11, 'BCN', 'El Prat', 'Barcelona', 164, 292),
	(12, 'TIV', 'Tivat', 'Tivat', 115, 277),
	(14, 'SIN', 'Singapore Changi', 'Singapore', 156, 205);

-- Dumping structure for table diplomski_app.country
DROP TABLE IF EXISTS `country`;
CREATE TABLE IF NOT EXISTS `country` (
  `country_id` int(10) unsigned NOT NULL AUTO_INCREMENT,
  `country_name` varchar(128) NOT NULL,
  PRIMARY KEY (`country_id`),
  UNIQUE KEY `uq_country_name` (`country_name`) USING BTREE
) ENGINE=InnoDB DEFAULT CHARSET=utf8mb4 COLLATE=utf8mb4_unicode_ci;

-- Dumping data for table diplomski_app.country: ~194 rows (approximately)
DELETE FROM `country`;
INSERT INTO `country` (`country_id`, `country_name`) VALUES
	(1, 'Afghanistan'),
	(2, 'Albania'),
	(3, 'Algeria'),
	(4, 'Andorra'),
	(5, 'Angola'),
	(6, 'Antigua and Barbuda'),
	(7, 'Argentina'),
	(8, 'Armenia'),
	(9, 'Australia'),
	(10, 'Austria'),
	(11, 'Azerbaijan'),
	(12, 'Bahamas'),
	(13, 'Bahrain'),
	(14, 'Bangladesh'),
	(15, 'Barbados'),
	(16, 'Belarus'),
	(17, 'Belgium'),
	(18, 'Belize'),
	(19, 'Benin'),
	(20, 'Bhutan'),
	(21, 'Bolivia'),
	(22, 'Bosnia and Herzegovina'),
	(23, 'Botswana'),
	(24, 'Brazil'),
	(25, 'Brunei'),
	(26, 'Bulgaria'),
	(27, 'Burkina Faso'),
	(28, 'Burundi'),
	(30, 'Cabo Verde'),
	(31, 'Cambodia'),
	(32, 'Cameroon'),
	(33, 'Canada'),
	(34, 'Central African Republic'),
	(35, 'Chad'),
	(36, 'Chile'),
	(37, 'China'),
	(38, 'Colombia'),
	(39, 'Comoros'),
	(40, 'Congo (Congo-Brazzaville)'),
	(41, 'Costa Rica'),
	(29, 'Côte d\'Ivoire'),
	(42, 'Croatia'),
	(43, 'Cuba'),
	(44, 'Cyprus'),
	(45, 'Czechia (Czech Republic)'),
	(46, 'Democratic Republic of the Congo'),
	(47, 'Denmark'),
	(48, 'Djibouti'),
	(49, 'Dominica'),
	(50, 'Dominican Republic'),
	(51, 'Ecuador'),
	(52, 'Egypt'),
	(53, 'El Salvador'),
	(54, 'Equatorial Guinea'),
	(55, 'Eritrea'),
	(56, 'Estonia'),
	(57, 'Ethiopia'),
	(58, 'Fiji'),
	(59, 'Finland'),
	(60, 'France'),
	(61, 'Gabon'),
	(62, 'Gambia'),
	(63, 'Georgia'),
	(64, 'Germany'),
	(65, 'Ghana'),
	(66, 'Greece'),
	(67, 'Grenada'),
	(68, 'Guatemala'),
	(69, 'Guinea'),
	(70, 'Guinea-Bissau'),
	(71, 'Guyana'),
	(72, 'Haiti'),
	(73, 'Holy See'),
	(74, 'Honduras'),
	(75, 'Hungary'),
	(76, 'Iceland'),
	(77, 'India'),
	(78, 'Indonesia'),
	(79, 'Iran'),
	(80, 'Iraq'),
	(81, 'Ireland'),
	(82, 'Israel'),
	(83, 'Italy'),
	(84, 'Jamaica'),
	(85, 'Japan'),
	(86, 'Jordan'),
	(87, 'Kazakhstan'),
	(88, 'Kenya'),
	(89, 'Kiribati'),
	(90, 'Kuwait'),
	(91, 'Kyrgyzstan'),
	(92, 'Laos'),
	(93, 'Latvia'),
	(94, 'Lebanon'),
	(95, 'Lesotho'),
	(96, 'Liberia'),
	(97, 'Libya'),
	(98, 'Liechtenstein'),
	(99, 'Lithuania'),
	(100, 'Luxembourg'),
	(101, 'Madagascar'),
	(102, 'Malawi'),
	(103, 'Malaysia'),
	(104, 'Maldives'),
	(105, 'Mali'),
	(106, 'Malta'),
	(107, 'Marshall Islands'),
	(108, 'Mauritania'),
	(109, 'Mauritius'),
	(110, 'Mexico'),
	(111, 'Micronesia'),
	(112, 'Moldova'),
	(113, 'Monaco'),
	(114, 'Mongolia'),
	(115, 'Montenegro'),
	(116, 'Morocco'),
	(117, 'Mozambique'),
	(118, 'Myanmar (formerly Burma)'),
	(119, 'Namibia'),
	(120, 'Nauru'),
	(121, 'Nepal'),
	(122, 'Netherlands'),
	(123, 'New Zealand'),
	(124, 'Nicaragua'),
	(125, 'Niger'),
	(126, 'Nigeria'),
	(127, 'North Korea'),
	(128, 'North Macedonia'),
	(129, 'Norway'),
	(130, 'Oman'),
	(131, 'Pakistan'),
	(132, 'Palau'),
	(133, 'Palestine State'),
	(134, 'Panama'),
	(135, 'Papua New Guinea'),
	(136, 'Paraguay'),
	(137, 'Peru'),
	(138, 'Philippines'),
	(139, 'Poland'),
	(140, 'Portugal'),
	(141, 'Qatar'),
	(142, 'Romania'),
	(143, 'Russia'),
	(144, 'Rwanda'),
	(145, 'Saint Kitts and Nevis'),
	(146, 'Saint Lucia'),
	(147, 'Saint Vincent and the Grenadines'),
	(148, 'Samoa'),
	(149, 'San Marino'),
	(150, 'Sao Tome and Principe'),
	(151, 'Saudi Arabia'),
	(152, 'Senegal'),
	(153, 'Serbia'),
	(154, 'Seychelles'),
	(155, 'Sierra Leone'),
	(156, 'Singapore'),
	(157, 'Slovakia'),
	(158, 'Slovenia'),
	(159, 'Solomon Islands'),
	(160, 'Somalia'),
	(161, 'South Africa'),
	(162, 'South Korea'),
	(163, 'South Sudan'),
	(164, 'Spain'),
	(165, 'Sri Lanka'),
	(166, 'Sudan'),
	(167, 'Suriname'),
	(168, 'Sweden'),
	(169, 'Switzerland'),
	(170, 'Syria'),
	(171, 'Tajikistan'),
	(172, 'Tanzania'),
	(173, 'Thailand'),
	(174, 'Timor-Leste'),
	(175, 'Togo'),
	(176, 'Tonga'),
	(177, 'Trinidad and Tobago'),
	(178, 'Tunisia'),
	(179, 'Turkey'),
	(180, 'Turkmenistan'),
	(181, 'Tuvalu'),
	(182, 'Uganda'),
	(183, 'Ukraine'),
	(184, 'United Arab Emirates'),
	(185, 'United Kingdom'),
	(186, 'United States of America'),
	(187, 'Uruguay'),
	(188, 'Uzbekistan'),
	(189, 'Vanuatu'),
	(190, 'Venezuela'),
	(191, 'Vietnam'),
	(192, 'Yemen'),
	(193, 'Zambia'),
	(194, 'Zimbabwe');

-- Dumping structure for table diplomski_app.document
DROP TABLE IF EXISTS `document`;
CREATE TABLE IF NOT EXISTS `document` (
  `document_id` int(10) unsigned NOT NULL AUTO_INCREMENT,
  `country_id` int(10) unsigned NOT NULL,
  `document_type` enum('Passport','National ID') NOT NULL,
  `document_number` varchar(50) NOT NULL,
  `issued_date` date NOT NULL,
  `expiry_date` date NOT NULL,
  `user_id` int(10) unsigned DEFAULT NULL,
  PRIMARY KEY (`document_id`),
  UNIQUE KEY `uq_document_document_number` (`document_number`),
  KEY `fk_document_user_id` (`user_id`),
  KEY `fk_document_country_id` (`country_id`),
  CONSTRAINT `fk_document_country_id` FOREIGN KEY (`country_id`) REFERENCES `country` (`country_id`) ON UPDATE CASCADE,
  CONSTRAINT `fk_document_user_id` FOREIGN KEY (`user_id`) REFERENCES `user` (`user_id`) ON UPDATE CASCADE
) ENGINE=InnoDB DEFAULT CHARSET=utf8mb4 COLLATE=utf8mb4_unicode_ci;

-- Dumping data for table diplomski_app.document: ~2 rows (approximately)
DELETE FROM `document`;
INSERT INTO `document` (`document_id`, `country_id`, `document_type`, `document_number`, `issued_date`, `expiry_date`, `user_id`) VALUES
	(4, 153, 'National ID', '007430880', '2017-10-15', '2027-10-15', 3),
	(5, 153, 'Passport', '45345886', '2013-06-17', '2023-06-17', 12);

-- Dumping structure for table diplomski_app.flight
DROP TABLE IF EXISTS `flight`;
CREATE TABLE IF NOT EXISTS `flight` (
  `flight_id` int(10) unsigned NOT NULL AUTO_INCREMENT,
  `flight_code` varchar(6) NOT NULL,
  `origin_airport_id` int(10) unsigned NOT NULL,
  `destination_airport_id` int(10) unsigned NOT NULL,
  `departure_date_and_time` datetime NOT NULL,
  `arrival_date_and_time` datetime NOT NULL,
  `aircraft_id` int(10) unsigned NOT NULL,
  PRIMARY KEY (`flight_id`) USING BTREE,
  KEY `fk_flight_origin_airport_id` (`origin_airport_id`) USING BTREE,
  KEY `fk_flight_destination_airport_id` (`destination_airport_id`) USING BTREE,
  KEY `fk_flight_aircraft_id` (`aircraft_id`) USING BTREE,
  CONSTRAINT `fk_flight_aircraft_id` FOREIGN KEY (`aircraft_id`) REFERENCES `aircraft` (`aircraft_id`) ON UPDATE CASCADE,
  CONSTRAINT `fk_flight_destination_airport_id` FOREIGN KEY (`destination_airport_id`) REFERENCES `airport` (`airport_id`) ON UPDATE CASCADE,
  CONSTRAINT `fk_flight_origin_airport_id` FOREIGN KEY (`origin_airport_id`) REFERENCES `airport` (`airport_id`) ON UPDATE CASCADE
) ENGINE=InnoDB DEFAULT CHARSET=utf8mb4 COLLATE=utf8mb4_unicode_ci;

-- Dumping data for table diplomski_app.flight: ~262 rows (approximately)
DELETE FROM `flight`;
INSERT INTO `flight` (`flight_id`, `flight_code`, `origin_airport_id`, `destination_airport_id`, `departure_date_and_time`, `arrival_date_and_time`, `aircraft_id`) VALUES
	(1, 'AS100', 1, 3, '2023-04-01 15:00:00', '2023-04-01 18:00:00', 2),
	(2, 'AS101', 3, 1, '2023-04-01 19:10:00', '2023-04-01 21:50:00', 2),
	(6, 'AS300', 1, 10, '2023-04-05 08:30:00', '2023-04-05 18:30:00', 1),
	(7, 'AS301', 10, 1, '2023-04-05 20:45:00', '2023-04-06 05:35:00', 1),
	(12, 'AS300', 1, 10, '2023-04-25 10:00:00', '2023-04-25 20:00:00', 1),
	(13, 'AS300', 1, 10, '2023-04-27 10:00:00', '2023-04-27 20:00:00', 1),
	(14, 'AS300', 1, 10, '2023-04-29 10:00:00', '2023-04-29 20:00:00', 1),
	(15, 'AS301', 10, 1, '2023-04-25 22:00:00', '2023-04-26 06:50:00', 1),
	(16, 'AS301', 10, 1, '2023-04-27 22:00:00', '2023-04-28 06:50:00', 1),
	(17, 'AS301', 10, 1, '2023-04-29 22:00:00', '2023-04-30 06:50:00', 1),
	(19, 'JU600', 1, 11, '2023-06-16 12:15:00', '2023-06-16 14:45:00', 2),
	(20, 'AS710', 1, 14, '2023-06-19 23:15:00', '2023-06-20 11:00:00', 6),
	(21, 'AS710', 1, 14, '2023-06-21 23:15:00', '2023-06-22 11:00:00', 6),
	(22, 'AS711', 14, 1, '2023-06-20 12:30:00', '2023-06-21 01:05:00', 6),
	(23, 'AS711', 14, 1, '2023-06-22 12:30:00', '2023-06-23 01:05:00', 6),
	(24, 'AS700', 1, 14, '2023-06-24 05:15:00', '2023-06-24 17:05:00', 6),
	(25, 'AS700', 1, 14, '2023-06-26 05:15:00', '2023-06-26 17:05:00', 6),
	(26, 'AS700', 1, 14, '2023-06-28 05:15:00', '2023-06-28 17:05:00', 6),
	(27, 'AS700', 1, 14, '2023-06-30 05:15:00', '2023-06-30 17:05:00', 6),
	(28, 'AS700', 1, 14, '2023-07-02 05:15:00', '2023-07-02 17:05:00', 6),
	(29, 'AS700', 1, 14, '2023-07-04 05:15:00', '2023-07-04 17:05:00', 6),
	(30, 'AS700', 1, 14, '2023-07-06 05:15:00', '2023-07-06 17:05:00', 6),
	(31, 'AS701', 14, 1, '2023-06-24 19:15:00', '2023-06-25 07:45:00', 6),
	(32, 'AS701', 14, 1, '2023-06-26 19:15:00', '2023-06-27 07:45:00', 6),
	(33, 'AS701', 14, 1, '2023-06-28 19:15:00', '2023-06-29 07:45:00', 6),
	(34, 'AS701', 14, 1, '2023-06-30 19:15:00', '2023-07-01 07:45:00', 6),
	(35, 'AS701', 14, 1, '2023-07-02 19:15:00', '2023-07-03 07:45:00', 6),
	(36, 'AS701', 14, 1, '2023-07-04 19:15:00', '2023-07-05 07:45:00', 6),
	(37, 'AS101', 1, 2, '2023-07-05 06:00:00', '2023-07-05 07:30:00', 3),
	(38, 'AS102', 2, 1, '2023-07-05 09:00:00', '2023-07-05 10:30:00', 3),
	(39, 'AS201', 1, 3, '2023-07-05 12:00:00', '2023-07-05 14:30:00', 2),
	(40, 'AS202', 3, 1, '2023-07-05 16:00:00', '2023-07-05 18:30:00', 2),
	(41, 'AS301', 1, 10, '2023-07-06 08:00:00', '2023-07-06 20:00:00', 1),
	(42, 'AS302', 10, 1, '2023-07-07 08:00:00', '2023-07-07 20:00:00', 1),
	(43, 'AS401', 1, 11, '2023-07-08 06:00:00', '2023-07-08 09:00:00', 4),
	(44, 'AS402', 11, 1, '2023-07-08 11:00:00', '2023-07-08 14:00:00', 4),
	(45, 'AS501', 1, 12, '2023-07-09 06:00:00', '2023-07-09 07:00:00', 7),
	(46, 'AS502', 12, 1, '2023-07-09 09:00:00', '2023-07-09 10:00:00', 7),
	(47, 'AS601', 1, 14, '2023-07-10 08:00:00', '2023-07-10 22:00:00', 5),
	(48, 'AS602', 14, 1, '2023-07-11 08:00:00', '2023-07-11 22:00:00', 5),
	(49, 'AS103', 1, 2, '2023-07-12 06:00:00', '2023-07-12 07:30:00', 3),
	(50, 'AS104', 2, 1, '2023-07-12 09:00:00', '2023-07-12 10:30:00', 3),
	(51, 'AS203', 1, 3, '2023-07-13 12:00:00', '2023-07-13 14:30:00', 2),
	(52, 'AS204', 3, 1, '2023-07-13 16:00:00', '2023-07-13 18:30:00', 2),
	(53, 'AS303', 1, 10, '2023-07-14 08:00:00', '2023-07-14 20:00:00', 1),
	(54, 'AS304', 10, 1, '2023-07-15 08:00:00', '2023-07-15 20:00:00', 1),
	(55, 'AS403', 1, 11, '2023-07-16 06:00:00', '2023-07-16 09:00:00', 4),
	(56, 'AS404', 11, 1, '2023-07-16 11:00:00', '2023-07-16 14:00:00', 4),
	(57, 'AS503', 1, 12, '2023-07-17 06:00:00', '2023-07-17 07:00:00', 7),
	(58, 'AS504', 12, 1, '2023-07-17 09:00:00', '2023-07-17 10:00:00', 7),
	(59, 'AS603', 1, 14, '2023-07-18 08:00:00', '2023-07-18 22:00:00', 5),
	(60, 'AS604', 14, 1, '2023-07-19 08:00:00', '2023-07-19 22:00:00', 5),
	(61, 'AS101', 1, 2, '2023-07-15 06:00:00', '2023-07-15 07:30:00', 7),
	(62, 'AS101', 1, 2, '2023-07-16 06:00:00', '2023-07-16 07:30:00', 7),
	(63, 'AS101', 1, 2, '2023-07-17 06:00:00', '2023-07-17 07:30:00', 7),
	(64, 'AS101', 1, 2, '2023-07-18 06:00:00', '2023-07-18 07:30:00', 7),
	(65, 'AS101', 1, 2, '2023-07-19 06:00:00', '2023-07-19 07:30:00', 7),
	(66, 'AS101', 1, 2, '2023-07-20 06:00:00', '2023-07-20 07:30:00', 7),
	(67, 'AS101', 1, 2, '2023-07-21 06:00:00', '2023-07-21 07:30:00', 7),
	(68, 'AS101', 1, 2, '2023-07-22 06:00:00', '2023-07-22 07:30:00', 7),
	(69, 'AS101', 1, 2, '2023-07-23 06:00:00', '2023-07-23 07:30:00', 7),
	(70, 'AS101', 1, 2, '2023-07-24 06:00:00', '2023-07-24 07:30:00', 7),
	(71, 'AS101', 1, 2, '2023-07-25 06:00:00', '2023-07-25 07:30:00', 7),
	(72, 'AS102', 2, 1, '2023-07-16 08:15:00', '2023-07-16 09:15:00', 7),
	(73, 'AS102', 2, 1, '2023-07-17 08:15:00', '2023-07-17 09:15:00', 7),
	(74, 'AS102', 2, 1, '2023-07-18 08:15:00', '2023-07-18 09:15:00', 7),
	(75, 'AS102', 2, 1, '2023-07-19 08:15:00', '2023-07-19 09:15:00', 7),
	(76, 'AS102', 2, 1, '2023-07-20 08:15:00', '2023-07-20 09:15:00', 7),
	(77, 'AS102', 2, 1, '2023-07-21 08:15:00', '2023-07-21 09:15:00', 7),
	(78, 'AS102', 2, 1, '2023-07-22 08:15:00', '2023-07-22 09:15:00', 7),
	(79, 'AS102', 2, 1, '2023-07-23 08:15:00', '2023-07-23 09:15:00', 7),
	(80, 'AS102', 2, 1, '2023-07-24 08:15:00', '2023-07-24 09:15:00', 7),
	(81, 'AS102', 2, 1, '2023-07-25 08:15:00', '2023-07-25 09:15:00', 7),
	(82, 'AS114', 1, 2, '2023-09-19 10:10:00', '2023-09-19 11:15:00', 7),
	(83, 'AS114', 1, 2, '2023-09-21 10:10:00', '2023-09-21 11:15:00', 7),
	(84, 'AS114', 1, 2, '2023-09-23 10:10:00', '2023-09-23 11:15:00', 7),
	(85, 'AS114', 1, 2, '2023-09-25 10:10:00', '2023-09-25 11:15:00', 7),
	(86, 'AS115', 2, 1, '2023-09-19 12:20:00', '2023-09-19 13:10:00', 7),
	(87, 'AS115', 2, 1, '2023-09-21 12:20:00', '2023-09-21 13:10:00', 7),
	(88, 'AS115', 2, 1, '2023-09-23 12:20:00', '2023-09-23 13:10:00', 7),
	(89, 'AS115', 2, 1, '2023-09-25 12:20:00', '2023-09-25 13:10:00', 7),
	(90, 'AS100', 1, 2, '2023-10-01 07:10:00', '2023-10-01 08:15:00', 7),
	(91, 'AS100', 1, 2, '2023-10-02 07:10:00', '2023-10-02 08:15:00', 7),
	(92, 'AS100', 1, 2, '2023-10-03 07:10:00', '2023-10-03 08:15:00', 7),
	(93, 'AS100', 1, 2, '2023-10-05 07:10:00', '2023-10-05 08:15:00', 7),
	(94, 'AS100', 1, 2, '2023-10-06 07:10:00', '2023-10-06 08:15:00', 7),
	(95, 'AS100', 1, 2, '2023-10-07 07:10:00', '2023-10-07 08:15:00', 7),
	(96, 'AS100', 1, 2, '2023-10-08 07:10:00', '2023-10-08 08:15:00', 7),
	(97, 'AS101', 2, 1, '2023-10-01 09:20:00', '2023-10-01 10:10:00', 7),
	(98, 'AS101', 2, 1, '2023-10-02 09:20:00', '2023-10-02 10:10:00', 7),
	(99, 'AS101', 2, 1, '2023-10-03 09:20:00', '2023-10-03 10:10:00', 7),
	(100, 'AS101', 2, 1, '2023-10-05 09:20:00', '2023-10-05 10:10:00', 7),
	(101, 'AS101', 2, 1, '2023-10-06 09:20:00', '2023-10-06 10:10:00', 7),
	(102, 'AS101', 2, 1, '2023-10-07 09:20:00', '2023-10-07 10:10:00', 7),
	(103, 'AS101', 2, 1, '2023-10-08 09:20:00', '2023-10-08 10:10:00', 7),
	(104, 'AS101', 1, 2, '2023-11-03 09:10:00', '2023-11-03 10:15:00', 2),
	(105, 'AS101', 1, 2, '2023-11-04 09:10:00', '2023-11-04 10:15:00', 2),
	(106, 'AS101', 1, 2, '2023-11-05 09:10:00', '2023-11-05 10:15:00', 2),
	(107, 'AS101', 1, 2, '2023-11-06 09:10:00', '2023-11-06 10:15:00', 2),
	(108, 'AS101', 1, 2, '2023-11-07 09:10:00', '2023-11-07 10:15:00', 2),
	(109, 'AS101', 1, 2, '2023-11-08 09:10:00', '2023-11-08 10:15:00', 2),
	(110, 'AS101', 1, 2, '2023-11-09 09:10:00', '2023-11-09 10:15:00', 2),
	(111, 'AS101', 1, 2, '2023-11-10 09:10:00', '2023-11-10 10:15:00', 2),
	(112, 'AS102', 2, 1, '2023-11-03 11:00:00', '2023-11-03 11:55:00', 2),
	(113, 'AS102', 2, 1, '2023-11-04 11:00:00', '2023-11-04 11:55:00', 2),
	(114, 'AS102', 2, 1, '2023-11-05 11:00:00', '2023-11-05 11:55:00', 2),
	(115, 'AS102', 2, 1, '2023-11-06 11:00:00', '2023-11-06 11:55:00', 2),
	(116, 'AS102', 2, 1, '2023-11-07 11:00:00', '2023-11-07 11:55:00', 2),
	(117, 'AS102', 2, 1, '2023-11-08 11:00:00', '2023-11-08 11:55:00', 2),
	(118, 'AS102', 2, 1, '2023-11-09 11:00:00', '2023-11-09 11:55:00', 2),
	(119, 'AS102', 2, 1, '2023-11-10 11:00:00', '2023-11-10 11:55:00', 2),
	(120, 'AS102', 2, 1, '2023-11-11 11:00:00', '2023-11-11 11:55:00', 2),
	(121, 'AS100', 1, 2, '2023-11-12 07:00:00', '2023-11-12 08:05:00', 7),
	(122, 'AS102', 1, 2, '2023-11-12 13:10:00', '2023-11-12 14:15:00', 7),
	(123, 'AS104', 1, 2, '2023-11-12 16:30:00', '2023-11-12 17:35:00', 7),
	(124, 'AS100', 1, 2, '2023-11-13 07:00:00', '2023-11-13 08:05:00', 7),
	(125, 'AS100', 1, 2, '2023-11-14 07:00:00', '2023-11-14 08:05:00', 7),
	(126, 'AS100', 1, 2, '2023-11-15 07:00:00', '2023-11-15 08:05:00', 7),
	(127, 'AS100', 1, 2, '2023-11-16 07:00:00', '2023-11-16 08:05:00', 7),
	(128, 'AS100', 1, 2, '2023-11-17 07:00:00', '2023-11-17 08:05:00', 7),
	(129, 'AS100', 1, 2, '2023-11-18 07:00:00', '2023-11-18 08:05:00', 7),
	(130, 'AS100', 1, 2, '2023-11-19 07:00:00', '2023-11-19 08:05:00', 7),
	(131, 'AS100', 1, 2, '2023-11-20 07:00:00', '2023-11-20 08:05:00', 7),
	(132, 'AS102', 1, 2, '2023-11-13 13:10:00', '2023-11-13 14:15:00', 7),
	(133, 'AS102', 1, 2, '2023-11-14 13:10:00', '2023-11-14 14:15:00', 7),
	(134, 'AS102', 1, 2, '2023-11-15 13:10:00', '2023-11-15 14:15:00', 7),
	(135, 'AS102', 1, 2, '2023-11-16 13:10:00', '2023-11-16 14:15:00', 7),
	(136, 'AS102', 1, 2, '2023-11-17 13:10:00', '2023-11-17 14:15:00', 7),
	(137, 'AS102', 1, 2, '2023-11-18 13:10:00', '2023-11-18 14:15:00', 7),
	(138, 'AS102', 1, 2, '2023-11-19 13:10:00', '2023-11-19 14:15:00', 7),
	(139, 'AS102', 1, 2, '2023-11-20 13:10:00', '2023-11-20 14:15:00', 7),
	(140, 'AS104', 1, 2, '2023-11-13 16:30:00', '2023-11-13 17:35:00', 7),
	(141, 'AS104', 1, 2, '2023-11-14 16:30:00', '2023-11-14 17:35:00', 7),
	(142, 'AS104', 1, 2, '2023-11-15 16:30:00', '2023-11-15 17:35:00', 7),
	(143, 'AS104', 1, 2, '2023-11-16 16:30:00', '2023-11-16 17:35:00', 7),
	(144, 'AS104', 1, 2, '2023-11-17 16:30:00', '2023-11-17 17:35:00', 7),
	(145, 'AS104', 1, 2, '2023-11-18 16:30:00', '2023-11-18 17:35:00', 7),
	(146, 'AS104', 1, 2, '2023-11-19 16:30:00', '2023-11-19 17:35:00', 7),
	(147, 'AS104', 1, 2, '2023-11-20 16:30:00', '2023-11-20 17:35:00', 7),
	(148, 'AS101', 2, 1, '2023-11-12 09:15:00', '2023-11-12 10:15:00', 7),
	(149, 'AS101', 2, 1, '2023-11-13 09:15:00', '2023-11-13 10:15:00', 7),
	(150, 'AS101', 2, 1, '2023-11-14 09:15:00', '2023-11-14 10:15:00', 7),
	(151, 'AS101', 2, 1, '2023-11-15 09:15:00', '2023-11-15 10:15:00', 7),
	(152, 'AS101', 2, 1, '2023-11-16 09:15:00', '2023-11-16 10:15:00', 7),
	(153, 'AS101', 2, 1, '2023-11-17 09:15:00', '2023-11-17 10:15:00', 7),
	(154, 'AS101', 2, 1, '2023-11-18 09:15:00', '2023-11-18 10:15:00', 7),
	(155, 'AS101', 2, 1, '2023-11-19 09:15:00', '2023-11-19 10:15:00', 7),
	(156, 'AS101', 2, 1, '2023-11-20 09:15:00', '2023-11-20 10:15:00', 7),
	(157, 'AS103', 2, 1, '2023-11-12 15:20:00', '2023-11-12 16:20:00', 7),
	(158, 'AS103', 2, 1, '2023-11-13 15:20:00', '2023-11-13 16:20:00', 7),
	(159, 'AS103', 2, 1, '2023-11-14 15:20:00', '2023-11-14 16:20:00', 7),
	(160, 'AS103', 2, 1, '2023-11-15 15:20:00', '2023-11-15 16:20:00', 7),
	(161, 'AS103', 2, 1, '2023-11-16 15:20:00', '2023-11-16 16:20:00', 7),
	(162, 'AS103', 2, 1, '2023-11-17 15:20:00', '2023-11-17 16:20:00', 7),
	(163, 'AS103', 2, 1, '2023-11-18 15:20:00', '2023-11-18 16:20:00', 7),
	(164, 'AS103', 2, 1, '2023-11-19 15:20:00', '2023-11-19 16:20:00', 7),
	(165, 'AS103', 2, 1, '2023-11-20 15:20:00', '2023-11-20 16:20:00', 7),
	(166, 'AS105', 2, 1, '2023-11-12 18:40:00', '2023-11-12 19:40:00', 7),
	(167, 'AS105', 2, 1, '2023-11-13 18:40:00', '2023-11-13 19:40:00', 7),
	(168, 'AS105', 2, 1, '2023-11-14 18:40:00', '2023-11-14 19:40:00', 7),
	(169, 'AS105', 2, 1, '2023-11-15 18:40:00', '2023-11-15 19:40:00', 7),
	(170, 'AS105', 2, 1, '2023-11-16 18:40:00', '2023-11-16 19:40:00', 7),
	(171, 'AS105', 2, 1, '2023-11-17 18:40:00', '2023-11-17 19:40:00', 7),
	(172, 'AS105', 2, 1, '2023-11-18 18:40:00', '2023-11-18 19:40:00', 7),
	(173, 'AS105', 2, 1, '2023-11-19 18:40:00', '2023-11-19 19:40:00', 7),
	(174, 'AS105', 2, 1, '2023-11-20 18:40:00', '2023-11-20 19:40:00', 7),
	(175, 'AS100', 1, 2, '2023-11-23 06:00:00', '2023-11-23 07:30:00', 3),
	(176, 'AS100', 1, 2, '2023-11-24 06:00:00', '2023-11-24 07:30:00', 3),
	(177, 'AS100', 1, 2, '2023-11-25 06:00:00', '2023-11-25 07:30:00', 3),
	(178, 'AS100', 1, 2, '2023-11-26 06:00:00', '2023-11-26 07:30:00', 3),
	(179, 'AS100', 1, 2, '2023-11-27 06:00:00', '2023-11-27 07:30:00', 3),
	(180, 'AS100', 1, 2, '2023-11-28 06:00:00', '2023-11-28 07:30:00', 3),
	(181, 'AS100', 1, 2, '2023-11-29 06:00:00', '2023-11-29 07:30:00', 3),
	(182, 'AS100', 1, 2, '2023-11-30 06:00:00', '2023-11-30 07:30:00', 3),
	(183, 'AS100', 1, 2, '2023-12-01 06:00:00', '2023-12-01 07:30:00', 3),
	(184, 'AS100', 1, 2, '2023-12-02 06:00:00', '2023-12-02 07:30:00', 3),
	(185, 'AS100', 1, 2, '2023-12-03 06:00:00', '2023-12-03 07:30:00', 3),
	(186, 'AS100', 1, 2, '2023-12-04 06:00:00', '2023-12-04 07:30:00', 3),
	(187, 'AS102', 1, 2, '2023-11-23 10:20:00', '2023-11-23 11:25:00', 3),
	(188, 'AS102', 1, 2, '2023-11-24 10:20:00', '2023-11-24 11:25:00', 3),
	(189, 'AS102', 1, 2, '2023-11-25 10:20:00', '2023-11-25 11:25:00', 3),
	(190, 'AS102', 1, 2, '2023-11-26 10:20:00', '2023-11-26 11:25:00', 3),
	(191, 'AS102', 1, 2, '2023-11-27 10:20:00', '2023-11-27 11:25:00', 3),
	(192, 'AS102', 1, 2, '2023-11-28 10:20:00', '2023-11-28 11:25:00', 3),
	(193, 'AS102', 1, 2, '2023-11-29 10:20:00', '2023-11-29 11:25:00', 3),
	(194, 'AS102', 1, 2, '2023-11-30 10:20:00', '2023-11-30 11:25:00', 3),
	(195, 'AS102', 1, 2, '2023-12-01 10:20:00', '2023-12-01 11:25:00', 3),
	(196, 'AS102', 1, 2, '2023-12-02 10:20:00', '2023-12-02 11:25:00', 3),
	(197, 'AS102', 1, 2, '2023-12-03 10:20:00', '2023-12-03 11:25:00', 3),
	(198, 'AS102', 1, 2, '2023-12-04 10:20:00', '2023-12-04 11:25:00', 3),
	(199, 'AS104', 1, 2, '2023-11-23 14:45:00', '2023-11-23 15:50:00', 3),
	(200, 'AS104', 1, 2, '2023-11-24 14:45:00', '2023-11-24 15:50:00', 3),
	(201, 'AS104', 1, 2, '2023-11-25 14:45:00', '2023-11-25 15:50:00', 3),
	(202, 'AS104', 1, 2, '2023-11-26 14:45:00', '2023-11-26 15:50:00', 3),
	(203, 'AS104', 1, 2, '2023-11-27 14:45:00', '2023-11-27 15:50:00', 3),
	(204, 'AS104', 1, 2, '2023-11-28 14:45:00', '2023-11-28 15:50:00', 3),
	(205, 'AS104', 1, 2, '2023-11-29 14:45:00', '2023-11-29 15:50:00', 3),
	(206, 'AS104', 1, 2, '2023-11-30 14:45:00', '2023-11-30 15:50:00', 3),
	(207, 'AS104', 1, 2, '2023-12-01 14:45:00', '2023-12-01 15:50:00', 3),
	(208, 'AS104', 1, 2, '2023-12-02 14:45:00', '2023-12-02 15:50:00', 3),
	(209, 'AS104', 1, 2, '2023-12-03 14:45:00', '2023-12-03 15:50:00', 3),
	(210, 'AS104', 1, 2, '2023-12-04 14:45:00', '2023-12-04 15:50:00', 3),
	(211, 'AS106', 1, 2, '2023-11-23 20:15:00', '2023-11-23 21:20:00', 3),
	(212, 'AS106', 1, 2, '2023-11-24 20:15:00', '2023-11-24 21:20:00', 3),
	(213, 'AS106', 1, 2, '2023-11-25 20:15:00', '2023-11-25 21:20:00', 3),
	(214, 'AS106', 1, 2, '2023-11-26 20:15:00', '2023-11-26 21:20:00', 3),
	(215, 'AS106', 1, 2, '2023-11-27 20:15:00', '2023-11-27 21:20:00', 3),
	(216, 'AS106', 1, 2, '2023-11-28 20:15:00', '2023-11-28 21:20:00', 3),
	(217, 'AS106', 1, 2, '2023-11-29 20:15:00', '2023-11-29 21:20:00', 3),
	(218, 'AS106', 1, 2, '2023-11-30 20:15:00', '2023-11-30 21:20:00', 3),
	(219, 'AS106', 1, 2, '2023-12-01 20:15:00', '2023-12-01 21:20:00', 3),
	(220, 'AS106', 1, 2, '2023-12-02 20:15:00', '2023-12-02 21:20:00', 3),
	(221, 'AS106', 1, 2, '2023-12-03 20:15:00', '2023-12-03 21:20:00', 3),
	(222, 'AS106', 1, 2, '2023-12-04 20:15:00', '2023-12-04 21:20:00', 3),
	(223, 'AS101', 2, 1, '2023-11-23 08:45:00', '2023-11-23 09:45:00', 3),
	(224, 'AS101', 2, 1, '2023-11-24 08:45:00', '2023-11-24 09:45:00', 3),
	(225, 'AS101', 2, 1, '2023-11-25 08:45:00', '2023-11-25 09:45:00', 3),
	(226, 'AS101', 2, 1, '2023-11-26 08:45:00', '2023-11-26 09:45:00', 3),
	(227, 'AS101', 2, 1, '2023-11-27 08:45:00', '2023-11-27 09:45:00', 3),
	(228, 'AS101', 2, 1, '2023-11-28 08:45:00', '2023-11-28 09:45:00', 3),
	(229, 'AS101', 2, 1, '2023-11-29 08:45:00', '2023-11-29 09:45:00', 3),
	(230, 'AS101', 2, 1, '2023-11-30 08:45:00', '2023-11-30 09:45:00', 3),
	(231, 'AS101', 2, 1, '2023-12-01 08:45:00', '2023-12-01 09:45:00', 3),
	(232, 'AS101', 2, 1, '2023-12-02 08:45:00', '2023-12-02 09:45:00', 3),
	(233, 'AS101', 2, 1, '2023-12-03 08:45:00', '2023-12-03 09:45:00', 3),
	(234, 'AS101', 2, 1, '2023-12-04 08:45:00', '2023-12-04 09:45:00', 3),
	(235, 'AS103', 2, 1, '2023-11-23 12:30:00', '2023-11-23 13:30:00', 3),
	(236, 'AS103', 2, 1, '2023-11-24 12:30:00', '2023-11-24 13:30:00', 3),
	(237, 'AS103', 2, 1, '2023-11-25 12:30:00', '2023-11-25 13:30:00', 3),
	(238, 'AS103', 2, 1, '2023-11-26 12:30:00', '2023-11-26 13:30:00', 3),
	(239, 'AS103', 2, 1, '2023-11-27 12:30:00', '2023-11-27 13:30:00', 3),
	(240, 'AS103', 2, 1, '2023-11-28 12:30:00', '2023-11-28 13:30:00', 3),
	(241, 'AS103', 2, 1, '2023-11-29 12:30:00', '2023-11-29 13:30:00', 3),
	(242, 'AS103', 2, 1, '2023-11-30 12:30:00', '2023-11-30 13:30:00', 3),
	(243, 'AS103', 2, 1, '2023-12-01 12:30:00', '2023-12-01 13:30:00', 3),
	(244, 'AS103', 2, 1, '2023-12-02 12:30:00', '2023-12-02 13:30:00', 3),
	(245, 'AS103', 2, 1, '2023-12-03 12:30:00', '2023-12-03 13:30:00', 3),
	(246, 'AS103', 2, 1, '2023-12-04 12:30:00', '2023-12-04 13:30:00', 3),
	(247, 'AS105', 2, 1, '2023-11-23 17:00:00', '2023-11-23 18:00:00', 3),
	(248, 'AS105', 2, 1, '2023-11-24 17:00:00', '2023-11-24 18:00:00', 3),
	(249, 'AS105', 2, 1, '2023-11-25 17:00:00', '2023-11-25 18:00:00', 3),
	(250, 'AS105', 2, 1, '2023-11-26 17:00:00', '2023-11-26 18:00:00', 3),
	(251, 'AS105', 2, 1, '2023-11-27 17:00:00', '2023-11-27 18:00:00', 3),
	(252, 'AS105', 2, 1, '2023-11-28 17:00:00', '2023-11-28 18:00:00', 3),
	(253, 'AS105', 2, 1, '2023-11-29 17:00:00', '2023-11-29 18:00:00', 3),
	(254, 'AS105', 2, 1, '2023-11-30 17:00:00', '2023-11-30 18:00:00', 3),
	(255, 'AS105', 2, 1, '2023-12-01 17:00:00', '2023-12-01 18:00:00', 3),
	(256, 'AS105', 2, 1, '2023-12-02 17:00:00', '2023-12-02 18:00:00', 3),
	(257, 'AS105', 2, 1, '2023-12-03 17:00:00', '2023-12-03 18:00:00', 3),
	(258, 'AS105', 2, 1, '2023-12-04 17:00:00', '2023-12-04 18:00:00', 3),
	(259, 'AS107', 2, 1, '2023-11-23 22:00:00', '2023-11-23 23:00:00', 3),
	(260, 'AS107', 2, 1, '2023-11-24 22:00:00', '2023-11-24 23:00:00', 3),
	(261, 'AS107', 2, 1, '2023-11-25 22:00:00', '2023-11-25 23:00:00', 3),
	(262, 'AS107', 2, 1, '2023-11-26 22:00:00', '2023-11-26 23:00:00', 3),
	(263, 'AS107', 2, 1, '2023-11-27 22:00:00', '2023-11-27 23:00:00', 3),
	(264, 'AS107', 2, 1, '2023-11-28 22:00:00', '2023-11-28 23:00:00', 3),
	(265, 'AS107', 2, 1, '2023-11-29 22:00:00', '2023-11-29 23:00:00', 3),
	(266, 'AS107', 2, 1, '2023-11-30 22:00:00', '2023-11-30 23:00:00', 3),
	(267, 'AS107', 2, 1, '2023-12-01 22:00:00', '2023-12-01 23:00:00', 3),
	(268, 'AS107', 2, 1, '2023-12-02 22:00:00', '2023-12-02 23:00:00', 3),
	(269, 'AS107', 2, 1, '2023-12-03 22:00:00', '2023-12-03 23:00:00', 3),
	(270, 'AS107', 2, 1, '2023-12-04 22:00:00', '2023-12-04 23:00:00', 3);

-- Dumping structure for table diplomski_app.flight_travel_class
DROP TABLE IF EXISTS `flight_travel_class`;
CREATE TABLE IF NOT EXISTS `flight_travel_class` (
  `flight_travel_class_id` int(10) unsigned NOT NULL AUTO_INCREMENT,
  `flight_id` int(10) unsigned NOT NULL,
  `travel_class_id` int(10) unsigned NOT NULL,
  `price` decimal(10,2) unsigned NOT NULL,
  `is_active` tinyint(1) unsigned NOT NULL DEFAULT 1,
  PRIMARY KEY (`flight_travel_class_id`) USING BTREE,
  UNIQUE KEY `uq_flight_travel_class_flight_id_travel_class_id` (`flight_id`,`travel_class_id`) USING BTREE,
  KEY `fk_flight_travel_class_travel_class_id` (`travel_class_id`) USING BTREE,
  CONSTRAINT `fk_flight_travel_class_flight_id` FOREIGN KEY (`flight_id`) REFERENCES `flight` (`flight_id`) ON UPDATE CASCADE,
  CONSTRAINT `fk_flight_travel_class_travel_class_id` FOREIGN KEY (`travel_class_id`) REFERENCES `travel_class` (`travel_class_id`) ON UPDATE CASCADE
) ENGINE=InnoDB DEFAULT CHARSET=utf8mb4 COLLATE=utf8mb4_unicode_ci;

-- Dumping data for table diplomski_app.flight_travel_class: ~821 rows (approximately)
DELETE FROM `flight_travel_class`;
INSERT INTO `flight_travel_class` (`flight_travel_class_id`, `flight_id`, `travel_class_id`, `price`, `is_active`) VALUES
	(1, 1, 3, 11000.00, 0),
	(2, 1, 2, 32000.00, 0),
	(3, 2, 3, 11000.00, 0),
	(4, 2, 2, 32000.00, 0),
	(42, 19, 2, 5741.35, 0),
	(43, 19, 5, 8744.68, 0),
	(44, 20, 2, 41242.22, 0),
	(45, 20, 3, 57542.68, 0),
	(46, 20, 5, 87521.85, 0),
	(47, 20, 6, 112536.69, 0),
	(48, 21, 6, 98850.21, 0),
	(49, 22, 2, 34522.54, 0),
	(50, 22, 3, 45778.56, 0),
	(51, 22, 5, 75677.56, 0),
	(52, 22, 6, 97852.67, 0),
	(53, 23, 2, 34522.54, 0),
	(54, 23, 3, 45778.56, 0),
	(55, 23, 5, 75677.56, 0),
	(56, 23, 6, 97852.67, 0),
	(57, 24, 2, 24354.47, 0),
	(58, 24, 3, 47567.85, 0),
	(59, 24, 5, 78421.33, 0),
	(60, 24, 6, 97445.46, 0),
	(61, 25, 2, 24354.47, 0),
	(62, 25, 3, 47567.85, 0),
	(63, 25, 5, 78421.33, 0),
	(64, 25, 6, 97445.46, 0),
	(65, 26, 2, 24354.47, 0),
	(66, 26, 3, 47567.85, 0),
	(67, 26, 5, 78421.33, 0),
	(68, 26, 6, 97445.46, 0),
	(69, 27, 2, 24354.47, 0),
	(70, 27, 3, 47567.85, 0),
	(71, 27, 5, 78421.33, 0),
	(72, 27, 6, 97445.46, 0),
	(73, 28, 2, 24354.47, 0),
	(74, 28, 3, 47567.85, 0),
	(75, 28, 5, 78421.33, 0),
	(76, 28, 6, 97445.46, 0),
	(77, 29, 2, 24354.47, 0),
	(78, 29, 3, 47567.85, 0),
	(79, 29, 5, 78421.33, 0),
	(80, 29, 6, 97445.46, 0),
	(81, 30, 2, 24354.47, 0),
	(82, 30, 3, 47567.85, 0),
	(83, 30, 5, 78421.33, 0),
	(84, 30, 6, 97445.46, 0),
	(85, 31, 2, 23457.58, 0),
	(86, 31, 3, 45127.64, 0),
	(87, 31, 5, 68794.56, 0),
	(88, 31, 6, 87945.23, 0),
	(89, 32, 2, 23457.58, 0),
	(90, 32, 3, 45127.64, 0),
	(91, 32, 5, 68794.56, 0),
	(92, 32, 6, 87945.23, 0),
	(93, 33, 2, 23457.58, 0),
	(94, 33, 3, 45127.64, 0),
	(95, 33, 5, 68794.56, 0),
	(96, 33, 6, 87945.23, 0),
	(97, 34, 2, 23457.58, 0),
	(98, 34, 3, 45127.64, 0),
	(99, 34, 5, 68794.56, 0),
	(100, 34, 6, 87945.23, 0),
	(101, 35, 2, 23457.58, 0),
	(102, 35, 3, 45127.64, 0),
	(103, 35, 5, 68794.56, 0),
	(104, 35, 6, 87945.23, 0),
	(105, 36, 2, 23457.58, 0),
	(106, 36, 3, 45127.64, 0),
	(107, 36, 5, 68794.56, 0),
	(108, 36, 6, 87945.23, 0),
	(109, 37, 1, 20000.00, 0),
	(110, 37, 2, 25000.00, 0),
	(111, 37, 3, 30000.00, 0),
	(112, 37, 5, 60000.00, 0),
	(113, 37, 6, 70000.00, 0),
	(114, 38, 1, 20000.00, 0),
	(115, 38, 2, 25000.00, 0),
	(116, 38, 3, 30000.00, 0),
	(117, 38, 5, 60000.00, 0),
	(118, 38, 6, 70000.00, 0),
	(119, 39, 1, 30000.00, 0),
	(120, 39, 2, 35000.00, 0),
	(121, 39, 3, 40000.00, 0),
	(122, 39, 5, 70000.00, 0),
	(123, 39, 6, 80000.00, 0),
	(124, 40, 1, 30000.00, 0),
	(125, 40, 2, 35000.00, 0),
	(126, 40, 3, 40000.00, 0),
	(127, 40, 5, 70000.00, 0),
	(128, 40, 6, 80000.00, 0),
	(129, 41, 1, 80000.00, 0),
	(130, 41, 2, 85000.00, 0),
	(131, 41, 3, 90000.00, 0),
	(132, 41, 5, 120000.00, 0),
	(133, 41, 6, 130000.00, 0),
	(134, 42, 1, 80000.00, 0),
	(135, 42, 2, 85000.00, 0),
	(136, 42, 3, 90000.00, 0),
	(137, 42, 5, 120000.00, 0),
	(138, 42, 6, 130000.00, 0),
	(139, 43, 1, 30000.00, 0),
	(140, 43, 2, 35000.00, 0),
	(141, 43, 3, 40000.00, 0),
	(142, 43, 5, 70000.00, 0),
	(143, 43, 6, 80000.00, 0),
	(144, 44, 1, 30000.00, 0),
	(145, 44, 2, 35000.00, 0),
	(146, 44, 3, 40000.00, 0),
	(147, 44, 5, 70000.00, 0),
	(148, 44, 6, 80000.00, 0),
	(149, 45, 1, 20000.00, 0),
	(150, 45, 2, 25000.00, 0),
	(151, 45, 3, 30000.00, 0),
	(152, 45, 5, 60000.00, 0),
	(153, 45, 6, 70000.00, 0),
	(154, 46, 1, 20000.00, 0),
	(155, 46, 2, 25000.00, 0),
	(156, 46, 3, 30000.00, 0),
	(157, 46, 5, 60000.00, 0),
	(158, 46, 6, 70000.00, 0),
	(159, 47, 1, 80000.00, 0),
	(160, 47, 2, 85000.00, 0),
	(161, 47, 3, 90000.00, 0),
	(162, 47, 5, 120000.00, 0),
	(163, 47, 6, 130000.00, 0),
	(164, 48, 1, 80000.00, 0),
	(165, 48, 2, 85000.00, 0),
	(166, 48, 3, 90000.00, 0),
	(167, 48, 5, 120000.00, 0),
	(168, 48, 6, 130000.00, 0),
	(169, 49, 1, 20000.00, 0),
	(170, 49, 2, 25000.00, 0),
	(171, 49, 3, 30000.00, 0),
	(172, 49, 5, 60000.00, 0),
	(173, 49, 6, 70000.00, 0),
	(174, 50, 1, 20000.00, 0),
	(175, 50, 2, 25000.00, 0),
	(176, 50, 3, 30000.00, 0),
	(177, 50, 5, 60000.00, 0),
	(178, 50, 6, 70000.00, 0),
	(179, 51, 1, 30000.00, 0),
	(180, 51, 2, 35000.00, 0),
	(181, 51, 3, 40000.00, 0),
	(182, 51, 5, 70000.00, 0),
	(183, 51, 6, 80000.00, 0),
	(184, 52, 1, 30000.00, 0),
	(185, 52, 2, 35000.00, 0),
	(186, 52, 3, 40000.00, 0),
	(187, 52, 5, 70000.00, 0),
	(188, 52, 6, 80000.00, 0),
	(189, 53, 1, 80000.00, 0),
	(190, 53, 2, 85000.00, 0),
	(191, 53, 3, 90000.00, 0),
	(192, 53, 5, 120000.00, 0),
	(193, 53, 6, 130000.00, 0),
	(194, 54, 1, 80000.00, 0),
	(195, 54, 2, 85000.00, 0),
	(196, 54, 3, 90000.00, 0),
	(197, 54, 5, 120000.00, 0),
	(198, 54, 6, 130000.00, 0),
	(199, 55, 1, 30000.00, 0),
	(200, 55, 2, 35000.00, 0),
	(201, 55, 3, 40000.00, 0),
	(202, 55, 5, 70000.00, 0),
	(203, 55, 6, 80000.00, 0),
	(204, 56, 1, 30000.00, 0),
	(205, 56, 2, 35000.00, 0),
	(206, 56, 3, 40000.00, 0),
	(207, 56, 5, 70000.00, 0),
	(208, 56, 6, 80000.00, 0),
	(209, 57, 1, 20000.00, 0),
	(210, 57, 2, 25000.00, 0),
	(211, 57, 3, 30000.00, 0),
	(212, 57, 5, 60000.00, 0),
	(213, 57, 6, 70000.00, 0),
	(214, 58, 1, 20000.00, 0),
	(215, 58, 2, 25000.00, 0),
	(216, 58, 3, 30000.00, 0),
	(217, 58, 5, 60000.00, 0),
	(218, 58, 6, 70000.00, 0),
	(219, 59, 1, 80000.00, 0),
	(220, 59, 2, 85000.00, 0),
	(221, 59, 3, 90000.00, 0),
	(222, 59, 5, 120000.00, 0),
	(223, 59, 6, 130000.00, 0),
	(224, 60, 1, 80000.00, 0),
	(225, 60, 2, 85000.00, 0),
	(226, 60, 3, 90000.00, 0),
	(227, 60, 5, 120000.00, 0),
	(228, 60, 6, 130000.00, 0),
	(229, 61, 1, 5346.56, 0),
	(230, 61, 2, 8275.69, 0),
	(231, 61, 5, 19785.36, 0),
	(232, 62, 1, 4861.64, 0),
	(233, 62, 2, 8716.41, 0),
	(234, 62, 5, 16485.25, 0),
	(235, 63, 1, 4861.64, 0),
	(236, 63, 2, 8716.41, 0),
	(237, 63, 5, 16485.25, 0),
	(238, 64, 1, 4861.64, 0),
	(239, 64, 2, 8716.41, 0),
	(240, 64, 5, 16485.25, 0),
	(241, 65, 1, 4861.64, 0),
	(242, 65, 2, 8716.41, 0),
	(243, 65, 5, 16485.25, 0),
	(244, 66, 1, 4861.64, 0),
	(245, 66, 2, 8716.41, 0),
	(246, 66, 5, 16485.25, 0),
	(247, 67, 1, 4861.64, 0),
	(248, 67, 2, 8716.41, 0),
	(249, 67, 5, 16485.25, 0),
	(250, 68, 1, 4861.64, 0),
	(251, 68, 2, 8716.41, 0),
	(252, 68, 5, 16485.25, 0),
	(253, 69, 1, 4861.64, 0),
	(254, 69, 2, 8716.41, 0),
	(255, 69, 5, 16485.25, 0),
	(256, 70, 1, 4861.64, 0),
	(257, 70, 2, 8716.41, 0),
	(258, 70, 5, 16485.25, 0),
	(259, 71, 1, 4861.64, 0),
	(260, 71, 2, 8716.41, 0),
	(261, 71, 5, 16485.25, 0),
	(262, 72, 1, 4861.64, 0),
	(263, 72, 2, 8716.41, 0),
	(264, 72, 5, 16485.25, 0),
	(265, 73, 1, 4861.64, 0),
	(266, 73, 2, 8716.41, 0),
	(267, 73, 5, 16485.25, 0),
	(268, 74, 1, 4861.64, 0),
	(269, 74, 2, 8716.41, 0),
	(270, 74, 5, 16485.25, 0),
	(271, 75, 1, 4861.64, 0),
	(272, 75, 2, 8716.41, 0),
	(273, 75, 5, 16485.25, 0),
	(274, 76, 1, 4861.64, 0),
	(275, 76, 2, 8716.41, 0),
	(276, 76, 5, 16485.25, 0),
	(277, 77, 1, 4861.64, 0),
	(278, 77, 2, 8716.41, 0),
	(279, 77, 5, 16485.25, 0),
	(280, 78, 1, 4861.64, 0),
	(281, 78, 2, 8716.41, 0),
	(282, 78, 5, 16485.25, 0),
	(283, 79, 1, 4861.64, 0),
	(284, 79, 2, 8716.41, 0),
	(285, 79, 5, 16485.25, 0),
	(286, 80, 1, 4861.64, 0),
	(287, 80, 2, 8716.41, 0),
	(288, 80, 5, 16485.25, 0),
	(289, 81, 1, 4861.64, 0),
	(290, 81, 2, 8716.41, 0),
	(291, 81, 5, 16485.25, 0),
	(292, 82, 1, 3425.75, 0),
	(293, 82, 2, 6785.24, 0),
	(294, 82, 5, 14578.56, 0),
	(295, 83, 1, 3425.75, 0),
	(296, 83, 2, 6785.24, 0),
	(297, 83, 5, 14578.56, 0),
	(298, 84, 1, 3425.75, 0),
	(299, 84, 2, 6785.24, 0),
	(300, 84, 5, 14578.56, 0),
	(301, 85, 1, 3425.75, 0),
	(302, 85, 2, 6785.24, 0),
	(303, 85, 5, 14578.56, 0),
	(304, 86, 1, 3645.45, 0),
	(305, 86, 2, 6687.64, 0),
	(306, 86, 5, 15645.54, 0),
	(307, 87, 1, 3645.45, 0),
	(308, 87, 2, 6687.64, 0),
	(309, 87, 5, 15645.54, 0),
	(310, 88, 1, 3645.45, 0),
	(311, 88, 2, 6687.64, 0),
	(312, 88, 5, 15645.54, 0),
	(313, 89, 1, 3645.45, 0),
	(314, 89, 2, 6687.64, 0),
	(315, 89, 5, 15645.54, 0),
	(316, 90, 1, 4878.26, 0),
	(317, 90, 2, 9755.26, 0),
	(318, 90, 5, 18248.56, 0),
	(319, 91, 1, 4878.26, 0),
	(320, 91, 2, 9755.26, 0),
	(321, 91, 5, 18248.56, 0),
	(322, 92, 1, 4878.26, 0),
	(323, 92, 2, 9755.26, 0),
	(324, 92, 5, 18248.56, 0),
	(325, 93, 1, 4878.26, 0),
	(326, 93, 2, 9755.26, 0),
	(327, 93, 5, 18248.56, 0),
	(328, 94, 1, 4878.26, 0),
	(329, 94, 2, 9755.26, 0),
	(330, 94, 5, 18248.56, 0),
	(331, 95, 1, 4878.26, 0),
	(332, 95, 2, 9755.26, 0),
	(333, 95, 5, 18248.56, 0),
	(334, 96, 1, 4878.26, 0),
	(335, 96, 2, 9755.26, 0),
	(336, 96, 5, 18248.56, 0),
	(337, 97, 1, 4752.45, 0),
	(338, 97, 2, 9752.45, 0),
	(339, 97, 5, 17564.23, 0),
	(340, 98, 1, 4752.45, 0),
	(341, 98, 2, 9752.45, 0),
	(342, 98, 5, 17564.23, 0),
	(343, 99, 1, 4752.45, 0),
	(344, 99, 2, 9752.45, 0),
	(345, 99, 5, 17564.23, 0),
	(346, 100, 1, 4752.45, 0),
	(347, 100, 2, 9752.45, 0),
	(348, 100, 5, 17564.23, 0),
	(349, 101, 1, 4752.45, 0),
	(350, 101, 2, 9752.45, 0),
	(351, 101, 5, 17564.23, 0),
	(352, 102, 1, 4752.45, 0),
	(353, 102, 2, 9752.45, 0),
	(354, 102, 5, 17564.23, 0),
	(355, 103, 1, 4752.45, 0),
	(356, 103, 2, 9752.45, 0),
	(357, 103, 5, 17564.23, 0),
	(358, 104, 1, 2343.25, 0),
	(359, 104, 2, 5242.54, 0),
	(360, 104, 5, 9346.45, 0),
	(361, 105, 1, 2343.25, 0),
	(362, 105, 2, 5242.54, 0),
	(363, 105, 5, 9346.45, 0),
	(364, 106, 1, 2343.25, 0),
	(365, 106, 2, 5242.54, 0),
	(366, 106, 5, 9346.45, 0),
	(367, 107, 1, 2343.25, 0),
	(368, 107, 2, 5242.54, 0),
	(369, 107, 5, 9346.45, 0),
	(370, 108, 1, 2343.25, 0),
	(371, 108, 2, 5242.54, 0),
	(372, 108, 5, 9346.45, 0),
	(373, 109, 1, 2343.25, 0),
	(374, 109, 2, 5242.54, 0),
	(375, 109, 5, 9346.45, 0),
	(376, 110, 1, 2343.25, 0),
	(377, 110, 2, 5242.54, 0),
	(378, 110, 5, 9346.45, 0),
	(379, 111, 1, 2343.25, 0),
	(380, 111, 2, 5242.54, 0),
	(381, 111, 5, 9346.45, 0),
	(382, 112, 1, 2134.57, 0),
	(383, 112, 2, 5427.86, 0),
	(384, 112, 5, 9645.77, 0),
	(385, 113, 1, 2134.57, 0),
	(386, 113, 2, 5427.86, 0),
	(387, 113, 5, 9645.77, 0),
	(388, 114, 1, 2134.57, 0),
	(389, 114, 2, 5427.86, 0),
	(390, 114, 5, 9645.77, 0),
	(391, 115, 1, 2134.57, 0),
	(392, 115, 2, 5427.86, 0),
	(393, 115, 5, 9645.77, 0),
	(394, 116, 1, 2134.57, 0),
	(395, 116, 2, 5427.86, 0),
	(396, 116, 5, 9645.77, 0),
	(397, 117, 1, 2134.57, 0),
	(398, 117, 2, 5427.86, 0),
	(399, 117, 5, 9645.77, 0),
	(400, 118, 1, 2134.57, 0),
	(401, 118, 2, 5427.86, 0),
	(402, 118, 5, 9645.77, 0),
	(403, 119, 1, 2134.57, 0),
	(404, 119, 2, 5427.86, 0),
	(405, 119, 5, 9645.77, 0),
	(406, 120, 1, 2134.57, 0),
	(407, 120, 2, 5427.86, 0),
	(408, 120, 5, 9645.77, 0),
	(409, 121, 1, 15264.65, 0),
	(410, 121, 2, 27987.44, 0),
	(411, 121, 5, 56978.64, 0),
	(412, 122, 1, 15264.65, 0),
	(413, 122, 2, 27987.44, 0),
	(414, 122, 5, 56978.64, 0),
	(415, 123, 1, 15264.65, 0),
	(416, 123, 2, 27987.44, 0),
	(417, 123, 5, 56978.64, 0),
	(418, 124, 1, 15264.65, 0),
	(419, 124, 2, 27987.44, 0),
	(420, 124, 5, 56978.64, 0),
	(421, 125, 1, 15264.65, 0),
	(422, 125, 2, 27987.44, 0),
	(423, 125, 5, 56978.64, 0),
	(424, 126, 1, 15264.65, 0),
	(425, 126, 2, 27987.44, 0),
	(426, 126, 5, 56978.64, 0),
	(427, 127, 1, 15264.65, 0),
	(428, 127, 2, 27987.44, 0),
	(429, 127, 5, 56978.64, 0),
	(430, 128, 1, 15264.65, 0),
	(431, 128, 2, 27987.44, 0),
	(432, 128, 5, 56978.64, 0),
	(433, 129, 1, 15264.65, 0),
	(434, 129, 2, 27987.44, 0),
	(435, 129, 5, 56978.64, 0),
	(436, 130, 1, 15264.65, 0),
	(437, 130, 2, 27987.44, 0),
	(438, 130, 5, 56978.64, 0),
	(439, 131, 1, 15264.65, 0),
	(440, 131, 2, 27987.44, 0),
	(441, 131, 5, 56978.64, 0),
	(442, 132, 1, 15264.65, 0),
	(443, 132, 2, 27987.44, 0),
	(444, 132, 5, 56978.64, 0),
	(445, 133, 1, 15264.65, 0),
	(446, 133, 2, 27987.44, 0),
	(447, 133, 5, 56978.64, 0),
	(448, 134, 1, 15264.65, 0),
	(449, 134, 2, 27987.44, 0),
	(450, 134, 5, 56978.64, 0),
	(451, 135, 1, 15264.65, 0),
	(452, 135, 2, 27987.44, 0),
	(453, 135, 5, 56978.64, 0),
	(454, 136, 1, 15264.65, 0),
	(455, 136, 2, 27987.44, 0),
	(456, 136, 5, 56978.64, 0),
	(457, 137, 1, 15264.65, 0),
	(458, 137, 2, 27987.44, 0),
	(459, 137, 5, 56978.64, 0),
	(460, 138, 1, 15264.65, 0),
	(461, 138, 2, 27987.44, 0),
	(462, 138, 5, 56978.64, 0),
	(463, 139, 1, 15264.65, 0),
	(464, 139, 2, 27987.44, 0),
	(465, 139, 5, 56978.64, 0),
	(466, 140, 1, 15264.65, 0),
	(467, 140, 2, 27987.44, 0),
	(468, 140, 5, 56978.64, 0),
	(469, 141, 1, 15264.65, 0),
	(470, 141, 2, 27987.44, 0),
	(471, 141, 5, 56978.64, 0),
	(472, 142, 1, 15264.65, 0),
	(473, 142, 2, 27987.44, 0),
	(474, 142, 5, 56978.64, 0),
	(475, 143, 1, 15264.65, 0),
	(476, 143, 2, 27987.44, 0),
	(477, 143, 5, 56978.64, 0),
	(478, 144, 1, 15264.65, 0),
	(479, 144, 2, 27987.44, 0),
	(480, 144, 5, 56978.64, 0),
	(481, 145, 1, 15264.65, 0),
	(482, 145, 2, 27987.44, 0),
	(483, 145, 5, 56978.64, 0),
	(484, 146, 1, 15264.65, 0),
	(485, 146, 2, 27987.44, 0),
	(486, 146, 5, 56978.64, 0),
	(487, 147, 1, 15264.65, 0),
	(488, 147, 2, 27987.44, 0),
	(489, 147, 5, 56978.64, 0),
	(490, 148, 1, 15412.56, 0),
	(491, 148, 2, 27456.85, 0),
	(492, 148, 5, 58755.55, 0),
	(493, 149, 1, 15412.56, 0),
	(494, 149, 2, 27456.85, 0),
	(495, 149, 5, 58755.55, 0),
	(496, 150, 1, 15412.56, 0),
	(497, 150, 2, 27456.85, 0),
	(498, 150, 5, 58755.55, 0),
	(499, 151, 1, 15412.56, 0),
	(500, 151, 2, 27456.85, 0),
	(501, 151, 5, 58755.55, 0),
	(502, 152, 1, 15412.56, 0),
	(503, 152, 2, 27456.85, 0),
	(504, 152, 5, 58755.55, 0),
	(505, 153, 1, 15412.56, 0),
	(506, 153, 2, 27456.85, 0),
	(507, 153, 5, 58755.55, 0),
	(508, 154, 1, 15412.56, 0),
	(509, 154, 2, 27456.85, 0),
	(510, 154, 5, 58755.55, 0),
	(511, 155, 1, 15412.56, 0),
	(512, 155, 2, 27456.85, 0),
	(513, 155, 5, 58755.55, 0),
	(514, 156, 1, 15412.56, 0),
	(515, 156, 2, 27456.85, 0),
	(516, 156, 5, 58755.55, 0),
	(517, 157, 1, 15412.56, 0),
	(518, 157, 2, 27456.85, 0),
	(519, 157, 5, 58755.55, 0),
	(520, 158, 1, 15412.56, 0),
	(521, 158, 2, 27456.85, 0),
	(522, 158, 5, 58755.55, 0),
	(523, 159, 1, 15412.56, 0),
	(524, 159, 2, 27456.85, 0),
	(525, 159, 5, 58755.55, 0),
	(526, 160, 1, 15412.56, 0),
	(527, 160, 2, 27456.85, 0),
	(528, 160, 5, 58755.55, 0),
	(529, 161, 1, 15412.56, 0),
	(530, 161, 2, 27456.85, 0),
	(531, 161, 5, 58755.55, 0),
	(532, 162, 1, 15412.56, 0),
	(533, 162, 2, 27456.85, 0),
	(534, 162, 5, 58755.55, 0),
	(535, 163, 1, 15412.56, 0),
	(536, 163, 2, 27456.85, 0),
	(537, 163, 5, 58755.55, 0),
	(538, 164, 1, 15412.56, 0),
	(539, 164, 2, 27456.85, 0),
	(540, 164, 5, 58755.55, 0),
	(541, 165, 1, 15412.56, 0),
	(542, 165, 2, 27456.85, 0),
	(543, 165, 5, 58755.55, 0),
	(544, 166, 1, 15412.56, 0),
	(545, 166, 2, 27456.85, 0),
	(546, 166, 5, 58755.55, 0),
	(547, 167, 1, 15412.56, 0),
	(548, 167, 2, 27456.85, 0),
	(549, 167, 5, 58755.55, 0),
	(550, 168, 1, 15412.56, 0),
	(551, 168, 2, 27456.85, 0),
	(552, 168, 5, 58755.55, 0),
	(553, 169, 1, 15412.56, 0),
	(554, 169, 2, 27456.85, 0),
	(555, 169, 5, 58755.55, 0),
	(556, 170, 1, 15412.56, 0),
	(557, 170, 2, 27456.85, 0),
	(558, 170, 5, 58755.55, 0),
	(559, 171, 1, 15412.56, 0),
	(560, 171, 2, 27456.85, 0),
	(561, 171, 5, 58755.55, 0),
	(562, 172, 1, 15412.56, 0),
	(563, 172, 2, 27456.85, 0),
	(564, 172, 5, 58755.55, 0),
	(565, 173, 1, 15412.56, 0),
	(566, 173, 2, 27456.85, 0),
	(567, 173, 5, 58755.55, 0),
	(568, 174, 1, 15412.56, 0),
	(569, 174, 2, 27456.85, 0),
	(570, 174, 5, 58755.55, 0),
	(571, 175, 1, 16235.34, 0),
	(572, 176, 1, 16235.34, 1),
	(573, 177, 1, 16235.34, 1),
	(574, 178, 1, 16235.34, 1),
	(575, 179, 1, 16235.34, 1),
	(576, 180, 1, 16235.34, 1),
	(577, 181, 1, 16235.34, 1),
	(578, 182, 1, 16235.34, 1),
	(579, 183, 1, 16235.34, 1),
	(580, 184, 1, 16235.34, 1),
	(581, 185, 1, 16235.34, 1),
	(582, 186, 1, 16235.34, 1),
	(583, 187, 1, 16235.34, 0),
	(584, 188, 1, 16235.34, 1),
	(585, 189, 1, 16235.34, 1),
	(586, 190, 1, 16235.34, 1),
	(587, 191, 1, 16235.34, 1),
	(588, 192, 1, 16235.34, 1),
	(589, 193, 1, 16235.34, 1),
	(590, 194, 1, 16235.34, 1),
	(591, 195, 1, 16235.34, 1),
	(592, 196, 1, 16235.34, 1),
	(593, 197, 1, 16235.34, 1),
	(594, 198, 1, 16235.34, 1),
	(595, 199, 1, 16235.34, 0),
	(596, 200, 1, 16235.34, 1),
	(597, 201, 1, 16235.34, 1),
	(598, 202, 1, 16235.34, 1),
	(599, 203, 1, 16235.34, 1),
	(600, 204, 1, 16235.34, 1),
	(601, 205, 1, 16235.34, 1),
	(602, 206, 1, 16235.34, 1),
	(603, 207, 1, 16235.34, 1),
	(604, 208, 1, 16235.34, 1),
	(605, 209, 1, 16235.34, 1),
	(606, 210, 1, 16235.34, 1),
	(607, 211, 1, 16235.34, 1),
	(608, 212, 1, 16235.34, 1),
	(609, 213, 1, 16235.34, 1),
	(610, 214, 1, 16235.34, 1),
	(611, 215, 1, 16235.34, 1),
	(612, 216, 1, 16235.34, 1),
	(613, 217, 1, 16235.34, 1),
	(614, 218, 1, 16235.34, 1),
	(615, 219, 1, 16235.34, 1),
	(616, 220, 1, 16235.34, 1),
	(617, 221, 1, 16235.34, 1),
	(618, 222, 1, 16235.34, 1),
	(619, 223, 1, 16235.34, 0),
	(620, 224, 1, 16235.34, 1),
	(621, 225, 1, 16235.34, 1),
	(622, 226, 1, 16235.34, 1),
	(623, 227, 1, 16235.34, 1),
	(624, 228, 1, 16235.34, 1),
	(625, 229, 1, 16235.34, 1),
	(626, 230, 1, 16235.34, 1),
	(627, 231, 1, 16235.34, 1),
	(628, 232, 1, 16235.34, 1),
	(629, 233, 1, 16235.34, 1),
	(630, 234, 1, 16235.34, 1),
	(631, 235, 1, 16235.34, 0),
	(632, 236, 1, 16235.34, 1),
	(633, 237, 1, 16235.34, 1),
	(634, 238, 1, 16235.34, 1),
	(635, 239, 1, 16235.34, 1),
	(636, 240, 1, 16235.34, 1),
	(637, 241, 1, 16235.34, 1),
	(638, 242, 1, 16235.34, 1),
	(639, 243, 1, 16235.34, 1),
	(640, 244, 1, 16235.34, 1),
	(641, 245, 1, 16235.34, 1),
	(642, 246, 1, 16235.34, 1),
	(643, 247, 1, 16235.34, 0),
	(644, 248, 1, 16235.34, 1),
	(645, 249, 1, 16235.34, 1),
	(646, 250, 1, 16235.34, 1),
	(647, 251, 1, 16235.34, 1),
	(648, 252, 1, 16235.34, 1),
	(649, 253, 1, 16235.34, 1),
	(650, 254, 1, 16235.34, 1),
	(651, 255, 1, 16235.34, 1),
	(652, 256, 1, 16235.34, 1),
	(653, 257, 1, 16235.34, 1),
	(654, 258, 1, 16235.34, 1),
	(655, 259, 1, 16235.34, 1),
	(656, 260, 1, 16235.34, 1),
	(657, 261, 1, 16235.34, 1),
	(658, 262, 1, 16235.34, 1),
	(659, 263, 1, 16235.34, 1),
	(660, 264, 1, 16235.34, 1),
	(661, 265, 1, 16235.34, 1),
	(662, 266, 1, 16235.34, 1),
	(663, 267, 1, 16235.34, 1),
	(664, 268, 1, 16235.34, 1),
	(665, 269, 1, 16235.34, 1),
	(666, 270, 1, 16235.34, 1),
	(667, 175, 2, 26352.64, 0),
	(668, 176, 2, 26352.64, 1),
	(669, 177, 2, 26352.64, 1),
	(670, 178, 2, 26352.64, 1),
	(671, 179, 2, 26352.64, 1),
	(672, 180, 2, 26352.64, 1),
	(673, 181, 2, 26352.64, 1),
	(674, 182, 2, 26352.64, 1),
	(675, 183, 2, 26352.64, 1),
	(676, 184, 2, 26352.64, 1),
	(677, 185, 2, 26352.64, 1),
	(678, 186, 2, 26352.64, 1),
	(679, 187, 2, 26352.64, 0),
	(680, 188, 2, 26352.64, 1),
	(681, 189, 2, 26352.64, 1),
	(682, 190, 2, 26352.64, 1),
	(683, 191, 2, 26352.64, 1),
	(684, 192, 2, 26352.64, 1),
	(685, 193, 2, 26352.64, 1),
	(686, 194, 2, 26352.64, 1),
	(687, 195, 2, 26352.64, 1),
	(688, 196, 2, 26352.64, 1),
	(689, 197, 2, 26352.64, 1),
	(690, 198, 2, 26352.64, 1),
	(691, 199, 2, 26352.64, 0),
	(692, 200, 2, 26352.64, 1),
	(693, 201, 2, 26352.64, 1),
	(694, 202, 2, 26352.64, 1),
	(695, 203, 2, 26352.64, 1),
	(696, 204, 2, 26352.64, 1),
	(697, 205, 2, 26352.64, 1),
	(698, 206, 2, 26352.64, 1),
	(699, 207, 2, 26352.64, 1),
	(700, 208, 2, 26352.64, 1),
	(701, 209, 2, 26352.64, 1),
	(702, 210, 2, 26352.64, 1),
	(703, 211, 2, 26352.64, 1),
	(704, 212, 2, 26352.64, 1),
	(705, 213, 2, 26352.64, 1),
	(706, 214, 2, 26352.64, 1),
	(707, 215, 2, 26352.64, 1),
	(708, 216, 2, 26352.64, 1),
	(709, 217, 2, 26352.64, 1),
	(710, 218, 2, 26352.64, 1),
	(711, 219, 2, 26352.64, 1),
	(712, 220, 2, 26352.64, 1),
	(713, 221, 2, 26352.64, 1),
	(714, 222, 2, 26352.64, 1),
	(715, 223, 2, 26352.64, 0),
	(716, 224, 2, 26352.64, 1),
	(717, 225, 2, 26352.64, 1),
	(718, 226, 2, 26352.64, 1),
	(719, 227, 2, 26352.64, 1),
	(720, 228, 2, 26352.64, 1),
	(721, 229, 2, 26352.64, 1),
	(722, 230, 2, 26352.64, 1),
	(723, 231, 2, 26352.64, 1),
	(724, 232, 2, 26352.64, 1),
	(725, 233, 2, 26352.64, 1),
	(726, 234, 2, 26352.64, 1),
	(727, 235, 2, 26352.64, 0),
	(728, 236, 2, 26352.64, 1),
	(729, 237, 2, 26352.64, 1),
	(730, 238, 2, 26352.64, 1),
	(731, 239, 2, 26352.64, 1),
	(732, 240, 2, 26352.64, 1),
	(733, 241, 2, 26352.64, 1),
	(734, 242, 2, 26352.64, 1),
	(735, 243, 2, 26352.64, 1),
	(736, 244, 2, 26352.64, 1),
	(737, 245, 2, 26352.64, 1),
	(738, 246, 2, 26352.64, 1),
	(739, 247, 2, 26352.64, 0),
	(740, 248, 2, 26352.64, 1),
	(741, 249, 2, 26352.64, 1),
	(742, 250, 2, 26352.64, 1),
	(743, 251, 2, 26352.64, 1),
	(744, 252, 2, 26352.64, 1),
	(745, 253, 2, 26352.64, 1),
	(746, 254, 2, 26352.64, 1),
	(747, 255, 2, 26352.64, 1),
	(748, 256, 2, 26352.64, 1),
	(749, 257, 2, 26352.64, 1),
	(750, 258, 2, 26352.64, 1),
	(751, 259, 2, 26352.64, 1),
	(752, 260, 2, 26352.64, 1),
	(753, 261, 2, 26352.64, 1),
	(754, 262, 2, 26352.64, 1),
	(755, 263, 2, 26352.64, 1),
	(756, 264, 2, 26352.64, 1),
	(757, 265, 2, 26352.64, 1),
	(758, 266, 2, 26352.64, 1),
	(759, 267, 2, 26352.64, 1),
	(760, 268, 2, 26352.64, 1),
	(761, 269, 2, 26352.64, 1),
	(762, 270, 2, 26352.64, 1),
	(763, 175, 5, 43673.53, 0),
	(764, 176, 5, 43673.53, 1),
	(765, 177, 5, 43673.53, 1),
	(766, 178, 5, 43673.53, 1),
	(767, 179, 5, 43673.53, 1),
	(768, 180, 5, 43673.53, 1),
	(769, 181, 5, 43673.53, 1),
	(770, 182, 5, 43673.53, 1),
	(771, 183, 5, 43673.53, 1),
	(772, 184, 5, 43673.53, 1),
	(773, 185, 5, 43673.53, 1),
	(774, 186, 5, 43673.53, 1),
	(775, 187, 5, 43673.53, 0),
	(776, 188, 5, 43673.53, 1),
	(777, 189, 5, 43673.53, 1),
	(778, 190, 5, 43673.53, 1),
	(779, 191, 5, 43673.53, 1),
	(780, 192, 5, 43673.53, 1),
	(781, 193, 5, 43673.53, 1),
	(782, 194, 5, 43673.53, 1),
	(783, 195, 5, 43673.53, 1),
	(784, 196, 5, 43673.53, 1),
	(785, 197, 5, 43673.53, 1),
	(786, 198, 5, 43673.53, 1),
	(787, 199, 5, 43673.53, 0),
	(788, 200, 5, 43673.53, 1),
	(789, 201, 5, 43673.53, 1),
	(790, 202, 5, 43673.53, 1),
	(791, 203, 5, 43673.53, 1),
	(792, 204, 5, 43673.53, 1),
	(793, 205, 5, 43673.53, 1),
	(794, 206, 5, 43673.53, 1),
	(795, 207, 5, 43673.53, 1),
	(796, 208, 5, 43673.53, 1),
	(797, 209, 5, 43673.53, 1),
	(798, 210, 5, 43673.53, 1),
	(799, 211, 5, 43673.53, 1),
	(800, 212, 5, 43673.53, 1),
	(801, 213, 5, 43673.53, 1),
	(802, 214, 5, 43673.53, 1),
	(803, 215, 5, 43673.53, 1),
	(804, 216, 5, 43673.53, 1),
	(805, 217, 5, 43673.53, 1),
	(806, 218, 5, 43673.53, 1),
	(807, 219, 5, 43673.53, 1),
	(808, 220, 5, 43673.53, 1),
	(809, 221, 5, 43673.53, 1),
	(810, 222, 5, 43673.53, 1),
	(811, 223, 5, 43673.53, 0),
	(812, 224, 5, 43673.53, 1),
	(813, 225, 5, 43673.53, 1),
	(814, 226, 5, 43673.53, 1),
	(815, 227, 5, 43673.53, 1),
	(816, 228, 5, 43673.53, 1),
	(817, 229, 5, 43673.53, 1),
	(818, 230, 5, 43673.53, 1),
	(819, 231, 5, 43673.53, 1),
	(820, 232, 5, 43673.53, 1),
	(821, 233, 5, 43673.53, 1),
	(822, 234, 5, 43673.53, 1),
	(823, 235, 5, 43673.53, 0),
	(824, 236, 5, 43673.53, 1),
	(825, 237, 5, 43673.53, 1),
	(826, 238, 5, 43673.53, 1),
	(827, 239, 5, 43673.53, 1),
	(828, 240, 5, 43673.53, 1),
	(829, 241, 5, 43673.53, 1),
	(830, 242, 5, 43673.53, 1),
	(831, 243, 5, 43673.53, 1),
	(832, 244, 5, 43673.53, 1),
	(833, 245, 5, 43673.53, 1),
	(834, 246, 5, 43673.53, 1),
	(835, 247, 5, 43673.53, 0),
	(836, 248, 5, 43673.53, 1),
	(837, 249, 5, 43673.53, 1),
	(838, 250, 5, 43673.53, 1),
	(839, 251, 5, 43673.53, 1),
	(840, 252, 5, 43673.53, 1),
	(841, 253, 5, 43673.53, 1),
	(842, 254, 5, 43673.53, 1),
	(843, 255, 5, 43673.53, 1),
	(844, 256, 5, 43673.53, 1),
	(845, 257, 5, 43673.53, 1),
	(846, 258, 5, 43673.53, 1),
	(847, 259, 5, 43673.53, 1),
	(848, 260, 5, 43673.53, 1),
	(849, 261, 5, 43673.53, 1),
	(850, 262, 5, 43673.53, 1),
	(851, 263, 5, 43673.53, 1),
	(852, 264, 5, 43673.53, 1),
	(853, 265, 5, 43673.53, 1),
	(854, 266, 5, 43673.53, 1),
	(855, 267, 5, 43673.53, 1),
	(856, 268, 5, 43673.53, 1),
	(857, 269, 5, 43673.53, 1),
	(858, 270, 5, 43673.53, 1);

-- Dumping structure for table diplomski_app.ticket
DROP TABLE IF EXISTS `ticket`;
CREATE TABLE IF NOT EXISTS `ticket` (
  `ticket_id` int(10) unsigned NOT NULL AUTO_INCREMENT,
  `ticket_number` varchar(50) NOT NULL,
  `ticket_holder_name` varchar(128) NOT NULL,
  `document_id` int(10) unsigned DEFAULT NULL,
  `price` decimal(10,2) unsigned NOT NULL,
  `user_id` int(10) unsigned DEFAULT NULL,
  `flight_id` int(10) unsigned NOT NULL,
  `flight_fare_code` varchar(50) NOT NULL,
  `seat_number` varchar(50) NOT NULL,
  PRIMARY KEY (`ticket_id`) USING BTREE,
  UNIQUE KEY `uq_ticket_ticket_number` (`ticket_number`),
  UNIQUE KEY `uq_ticket_flight_id_seat_number` (`flight_id`,`seat_number`),
  KEY `fk_ticket_document_id` (`document_id`) USING BTREE,
  KEY `fk_ticket_user_id` (`user_id`) USING BTREE,
  CONSTRAINT `fk_ticket_document_id` FOREIGN KEY (`document_id`) REFERENCES `document` (`document_id`) ON UPDATE CASCADE,
  CONSTRAINT `fk_ticket_flight_id` FOREIGN KEY (`flight_id`) REFERENCES `flight` (`flight_id`) ON UPDATE CASCADE,
  CONSTRAINT `fk_ticket_user_id` FOREIGN KEY (`user_id`) REFERENCES `user` (`user_id`) ON UPDATE CASCADE
) ENGINE=InnoDB DEFAULT CHARSET=utf8mb4 COLLATE=utf8mb4_unicode_ci;

-- Dumping data for table diplomski_app.ticket: ~25 rows (approximately)
DELETE FROM `ticket`;
INSERT INTO `ticket` (`ticket_id`, `ticket_number`, `ticket_holder_name`, `document_id`, `price`, `user_id`, `flight_id`, `flight_fare_code`, `seat_number`) VALUES
	(1, '241242', 'Milos Jeknic', 4, 22000.00, 3, 1, '', '22F'),
	(4, '899385', 'Milos Jeknic', 4, 6785.24, NULL, 84, 'GB49SG', '13A'),
	(10, '910716', 'Milos Jeknic', 4, 6785.24, NULL, 84, '3523FA', '13F'),
	(17, '355409', 'Milos Jeknic', 4, 9755.26, NULL, 90, 'ISQZNZ', '30B'),
	(18, '355410', 'Milos Jeknic', 4, 9752.45, NULL, 98, 'ISQZNZ', '19F'),
	(19, '547912', 'Milos Jeknic', 4, 25225.36, NULL, 1, 'K3RW18', '25C'),
	(20, '547913', 'Milos Jeknic', 4, 25225.36, NULL, 2, 'K3RW18', '13E'),
	(21, '182592', 'Milos Jeknic', 4, 2343.25, NULL, 104, 'C529NN', '16A'),
	(22, '182593', 'Milos Jeknic', 4, 2134.57, NULL, 118, 'C529NN', '12D'),
	(23, '064623', 'Milos Jeknic', 4, 2343.25, NULL, 105, '0HFQ5O', '24A'),
	(24, '64624', 'Milos Jeknic', 4, 2134.57, NULL, 120, '0HFQ5O', '1B'),
	(25, '134744', 'Milos Jeknic', 4, 2343.25, NULL, 105, 'ZNSAMX', '16F'),
	(26, '134745', 'Milos Jeknic', 4, 2134.57, NULL, 120, 'ZNSAMX', '30D'),
	(27, '158069', 'Milos Jeknic', 4, 2343.25, NULL, 105, '8JG9QK', '10E'),
	(28, '158070', 'Milos Jeknic', 4, 2134.57, NULL, 119, '8JG9QK', '28D'),
	(29, '842353', 'Milos Jeknic', 4, 5242.54, NULL, 105, 'P6CONH', '9E'),
	(30, '842354', 'Milos Jeknic', 4, 5427.86, NULL, 119, 'P6CONH', '23C'),
	(31, '039153', 'Milos Jeknic', 4, 5242.54, NULL, 105, '37VZ96', '15B'),
	(32, '39154', 'Milos Jeknic', 4, 5427.86, NULL, 120, '37VZ96', '4C'),
	(33, '945332', 'Milos Jeknic', 4, 5242.54, NULL, 106, 'QUGO54', '17C'),
	(34, '945333', 'Milos Jeknic', 4, 5427.86, NULL, 120, 'QUGO54', '6E'),
	(35, '309735', 'Milos Jeknic', 4, 5242.54, NULL, 107, 'PES4AM', '29E'),
	(36, '309736', 'Milos Jeknic', 4, 5427.86, NULL, 119, 'PES4AM', '29B'),
	(37, '037701', 'Milos Jeknic', 4, 27987.44, NULL, 122, 'C38A0B', '3D'),
	(38, '37702', 'Milos Jeknic', 4, 27456.85, NULL, 169, 'C38A0B', '19E');

-- Dumping structure for table diplomski_app.time_zone
DROP TABLE IF EXISTS `time_zone`;
CREATE TABLE IF NOT EXISTS `time_zone` (
  `time_zone_id` int(10) unsigned NOT NULL AUTO_INCREMENT,
  `time_zone_name` varchar(50) NOT NULL,
  PRIMARY KEY (`time_zone_id`)
) ENGINE=InnoDB DEFAULT CHARSET=utf8mb4 COLLATE=utf8mb4_unicode_ci;

-- Dumping data for table diplomski_app.time_zone: ~351 rows (approximately)
DELETE FROM `time_zone`;
INSERT INTO `time_zone` (`time_zone_id`, `time_zone_name`) VALUES
	(1, 'Africa/Abidjan'),
	(2, 'Africa/Algiers'),
	(3, 'Africa/Bissau'),
	(4, 'Africa/Cairo'),
	(5, 'Africa/Casablanca'),
	(6, 'Africa/Ceuta'),
	(7, 'Africa/El_Aaiun'),
	(8, 'Africa/Johannesburg'),
	(9, 'Africa/Juba'),
	(10, 'Africa/Khartoum'),
	(11, 'Africa/Lagos'),
	(12, 'Africa/Maputo'),
	(13, 'Africa/Monrovia'),
	(14, 'Africa/Nairobi'),
	(15, 'Africa/Ndjamena'),
	(16, 'Africa/Sao_Tome'),
	(17, 'Africa/Tripoli'),
	(18, 'Africa/Tunis'),
	(19, 'Africa/Windhoek'),
	(20, 'America/Adak'),
	(21, 'America/Anchorage'),
	(22, 'America/Araguaina'),
	(23, 'America/Argentina/Buenos_Aires'),
	(24, 'America/Argentina/Catamarca'),
	(25, 'America/Argentina/Cordoba'),
	(26, 'America/Argentina/Jujuy'),
	(27, 'America/Argentina/La_Rioja'),
	(28, 'America/Argentina/Mendoza'),
	(29, 'America/Argentina/Rio_Gallegos'),
	(30, 'America/Argentina/Salta'),
	(31, 'America/Argentina/San_Juan'),
	(32, 'America/Argentina/San_Luis'),
	(33, 'America/Argentina/Tucuman'),
	(34, 'America/Argentina/Ushuaia'),
	(35, 'America/Asuncion'),
	(36, 'America/Bahia'),
	(37, 'America/Bahia_Banderas'),
	(38, 'America/Barbados'),
	(39, 'America/Belem'),
	(40, 'America/Belize'),
	(41, 'America/Boa_Vista'),
	(42, 'America/Bogota'),
	(43, 'America/Boise'),
	(44, 'America/Cambridge_Bay'),
	(45, 'America/Campo_Grande'),
	(46, 'America/Cancun'),
	(47, 'America/Caracas'),
	(48, 'America/Cayenne'),
	(49, 'America/Chicago'),
	(50, 'America/Chihuahua'),
	(51, 'America/Ciudad_Juarez'),
	(52, 'America/Costa_Rica'),
	(53, 'America/Cuiaba'),
	(54, 'America/Danmarkshavn'),
	(55, 'America/Dawson'),
	(56, 'America/Dawson_Creek'),
	(57, 'America/Denver'),
	(58, 'America/Detroit'),
	(59, 'America/Edmonton'),
	(60, 'America/Eirunepe'),
	(61, 'America/El_Salvador'),
	(62, 'America/Fort_Nelson'),
	(63, 'America/Fortaleza'),
	(64, 'America/Glace_Bay'),
	(65, 'America/Goose_Bay'),
	(66, 'America/Grand_Turk'),
	(67, 'America/Guatemala'),
	(68, 'America/Guayaquil'),
	(69, 'America/Guyana'),
	(70, 'America/Halifax'),
	(71, 'America/Havana'),
	(72, 'America/Hermosillo'),
	(73, 'America/Indiana/Indianapolis'),
	(74, 'America/Indiana/Knox'),
	(75, 'America/Indiana/Marengo'),
	(76, 'America/Indiana/Petersburg'),
	(77, 'America/Indiana/Tell_City'),
	(78, 'America/Indiana/Vevay'),
	(79, 'America/Indiana/Vincennes'),
	(80, 'America/Indiana/Winamac'),
	(81, 'America/Inuvik'),
	(82, 'America/Iqaluit'),
	(83, 'America/Jamaica'),
	(84, 'America/Juneau'),
	(85, 'America/Kentucky/Louisville'),
	(86, 'America/Kentucky/Monticello'),
	(87, 'America/La_Paz'),
	(88, 'America/Lima'),
	(89, 'America/Los_Angeles'),
	(90, 'America/Maceio'),
	(91, 'America/Managua'),
	(92, 'America/Manaus'),
	(93, 'America/Martinique'),
	(94, 'America/Matamoros'),
	(95, 'America/Mazatlan'),
	(96, 'America/Menominee'),
	(97, 'America/Merida'),
	(98, 'America/Metlakatla'),
	(99, 'America/Mexico_City'),
	(100, 'America/Miquelon'),
	(101, 'America/Moncton'),
	(102, 'America/Monterrey'),
	(103, 'America/Montevideo'),
	(104, 'America/New_York'),
	(105, 'America/Nome'),
	(106, 'America/Noronha'),
	(107, 'America/North_Dakota/Beulah'),
	(108, 'America/North_Dakota/Center'),
	(109, 'America/North_Dakota/New_Salem'),
	(110, 'America/Nuuk'),
	(111, 'America/Ojinaga'),
	(112, 'America/Panama'),
	(113, 'America/Paramaribo'),
	(114, 'America/Phoenix'),
	(115, 'America/Port-au-Prince'),
	(116, 'America/Porto_Velho'),
	(117, 'America/Puerto_Rico'),
	(118, 'America/Punta_Arenas'),
	(119, 'America/Rankin_Inlet'),
	(120, 'America/Recife'),
	(121, 'America/Regina'),
	(122, 'America/Resolute'),
	(123, 'America/Rio_Branco'),
	(124, 'America/Santarem'),
	(125, 'America/Santiago'),
	(126, 'America/Santo_Domingo'),
	(127, 'America/Sao_Paulo'),
	(128, 'America/Scoresbysund'),
	(129, 'America/Sitka'),
	(130, 'America/St_Johns'),
	(131, 'America/Swift_Current'),
	(132, 'America/Tegucigalpa'),
	(133, 'America/Thule'),
	(134, 'America/Tijuana'),
	(135, 'America/Toronto'),
	(136, 'America/Vancouver'),
	(137, 'America/Whitehorse'),
	(138, 'America/Winnipeg'),
	(139, 'America/Yakutat'),
	(140, 'Antarctica/Casey'),
	(141, 'Antarctica/Davis'),
	(142, 'Antarctica/Macquarie'),
	(143, 'Antarctica/Mawson'),
	(144, 'Antarctica/Palmer'),
	(145, 'Antarctica/Rothera'),
	(146, 'Antarctica/Troll'),
	(147, 'Asia/Almaty'),
	(148, 'Asia/Amman'),
	(149, 'Asia/Anadyr'),
	(150, 'Asia/Aqtau'),
	(151, 'Asia/Aqtobe'),
	(152, 'Asia/Ashgabat'),
	(153, 'Asia/Atyrau'),
	(154, 'Asia/Baghdad'),
	(155, 'Asia/Baku'),
	(156, 'Asia/Bangkok'),
	(157, 'Asia/Barnaul'),
	(158, 'Asia/Beirut'),
	(159, 'Asia/Bishkek'),
	(160, 'Asia/Chita'),
	(161, 'Asia/Choibalsan'),
	(162, 'Asia/Colombo'),
	(163, 'Asia/Damascus'),
	(164, 'Asia/Dhaka'),
	(165, 'Asia/Dili'),
	(166, 'Asia/Dubai'),
	(167, 'Asia/Dushanbe'),
	(168, 'Asia/Famagusta'),
	(169, 'Asia/Gaza'),
	(170, 'Asia/Hebron'),
	(171, 'Asia/Ho_Chi_Minh'),
	(172, 'Asia/Hong_Kong'),
	(173, 'Asia/Hovd'),
	(174, 'Asia/Irkutsk'),
	(175, 'Asia/Jakarta'),
	(176, 'Asia/Jayapura'),
	(177, 'Asia/Jerusalem'),
	(178, 'Asia/Kabul'),
	(179, 'Asia/Kamchatka'),
	(180, 'Asia/Karachi'),
	(181, 'Asia/Kathmandu'),
	(182, 'Asia/Khandyga'),
	(183, 'Asia/Kolkata'),
	(184, 'Asia/Krasnoyarsk'),
	(185, 'Asia/Kuching'),
	(186, 'Asia/Macau'),
	(187, 'Asia/Magadan'),
	(188, 'Asia/Makassar'),
	(189, 'Asia/Manila'),
	(190, 'Asia/Nicosia'),
	(191, 'Asia/Novokuznetsk'),
	(192, 'Asia/Novosibirsk'),
	(193, 'Asia/Omsk'),
	(194, 'Asia/Oral'),
	(195, 'Asia/Pontianak'),
	(196, 'Asia/Pyongyang'),
	(197, 'Asia/Qatar'),
	(198, 'Asia/Qostanay'),
	(199, 'Asia/Qyzylorda'),
	(200, 'Asia/Riyadh'),
	(201, 'Asia/Sakhalin'),
	(202, 'Asia/Samarkand'),
	(203, 'Asia/Seoul'),
	(204, 'Asia/Shanghai'),
	(205, 'Asia/Singapore'),
	(206, 'Asia/Srednekolymsk'),
	(207, 'Asia/Taipei'),
	(208, 'Asia/Tashkent'),
	(209, 'Asia/Tbilisi'),
	(210, 'Asia/Tehran'),
	(211, 'Asia/Thimphu'),
	(212, 'Asia/Tokyo'),
	(213, 'Asia/Tomsk'),
	(214, 'Asia/Ulaanbaatar'),
	(215, 'Asia/Urumqi'),
	(216, 'Asia/Ust-Nera'),
	(217, 'Asia/Vladivostok'),
	(218, 'Asia/Yakutsk'),
	(219, 'Asia/Yangon'),
	(220, 'Asia/Yekaterinburg'),
	(221, 'Asia/Yerevan'),
	(222, 'Atlantic/Azores'),
	(223, 'Atlantic/Bermuda'),
	(224, 'Atlantic/Canary'),
	(225, 'Atlantic/Cape_Verde'),
	(226, 'Atlantic/Faroe'),
	(227, 'Atlantic/Madeira'),
	(228, 'Atlantic/South_Georgia'),
	(229, 'Atlantic/Stanley'),
	(230, 'Australia/Adelaide'),
	(231, 'Australia/Brisbane'),
	(232, 'Australia/Broken_Hill'),
	(233, 'Australia/Darwin'),
	(234, 'Australia/Eucla'),
	(235, 'Australia/Hobart'),
	(236, 'Australia/Lindeman'),
	(237, 'Australia/Lord_Howe'),
	(238, 'Australia/Melbourne'),
	(239, 'Australia/Perth'),
	(240, 'Australia/Sydney'),
	(241, 'CET'),
	(242, 'CST6CDT'),
	(243, 'EET'),
	(244, 'EST'),
	(245, 'EST5EDT'),
	(246, 'Etc/GMT'),
	(247, 'Etc/GMT+1'),
	(248, 'Etc/GMT+10'),
	(249, 'Etc/GMT+11'),
	(250, 'Etc/GMT+12'),
	(251, 'Etc/GMT+2'),
	(252, 'Etc/GMT+3'),
	(253, 'Etc/GMT+4'),
	(254, 'Etc/GMT+5'),
	(255, 'Etc/GMT+6'),
	(256, 'Etc/GMT+7'),
	(257, 'Etc/GMT+8'),
	(258, 'Etc/GMT+9'),
	(259, 'Etc/GMT-1'),
	(260, 'Etc/GMT-10'),
	(261, 'Etc/GMT-11'),
	(262, 'Etc/GMT-12'),
	(263, 'Etc/GMT-13'),
	(264, 'Etc/GMT-14'),
	(265, 'Etc/GMT-2'),
	(266, 'Etc/GMT-3'),
	(267, 'Etc/GMT-4'),
	(268, 'Etc/GMT-5'),
	(269, 'Etc/GMT-6'),
	(270, 'Etc/GMT-7'),
	(271, 'Etc/GMT-8'),
	(272, 'Etc/GMT-9'),
	(273, 'Etc/UTC'),
	(274, 'Europe/Andorra'),
	(275, 'Europe/Astrakhan'),
	(276, 'Europe/Athens'),
	(277, 'Europe/Belgrade'),
	(278, 'Europe/Berlin'),
	(279, 'Europe/Brussels'),
	(280, 'Europe/Bucharest'),
	(281, 'Europe/Budapest'),
	(282, 'Europe/Chisinau'),
	(283, 'Europe/Dublin'),
	(284, 'Europe/Gibraltar'),
	(285, 'Europe/Helsinki'),
	(286, 'Europe/Istanbul'),
	(287, 'Europe/Kaliningrad'),
	(288, 'Europe/Kirov'),
	(289, 'Europe/Kyiv'),
	(290, 'Europe/Lisbon'),
	(291, 'Europe/London'),
	(292, 'Europe/Madrid'),
	(293, 'Europe/Malta'),
	(294, 'Europe/Minsk'),
	(295, 'Europe/Moscow'),
	(296, 'Europe/Paris'),
	(297, 'Europe/Prague'),
	(298, 'Europe/Riga'),
	(299, 'Europe/Rome'),
	(300, 'Europe/Samara'),
	(301, 'Europe/Saratov'),
	(302, 'Europe/Simferopol'),
	(303, 'Europe/Sofia'),
	(304, 'Europe/Tallinn'),
	(305, 'Europe/Tirane'),
	(306, 'Europe/Ulyanovsk'),
	(307, 'Europe/Vienna'),
	(308, 'Europe/Vilnius'),
	(309, 'Europe/Volgograd'),
	(310, 'Europe/Warsaw'),
	(311, 'Europe/Zurich'),
	(312, 'Factory'),
	(313, 'HST'),
	(314, 'Indian/Chagos'),
	(315, 'Indian/Maldives'),
	(316, 'Indian/Mauritius'),
	(317, 'MET'),
	(318, 'MST'),
	(319, 'MST7MDT'),
	(320, 'Pacific/Apia'),
	(321, 'Pacific/Auckland'),
	(322, 'Pacific/Bougainville'),
	(323, 'Pacific/Chatham'),
	(324, 'Pacific/Easter'),
	(325, 'Pacific/Efate'),
	(326, 'Pacific/Fakaofo'),
	(327, 'Pacific/Fiji'),
	(328, 'Pacific/Galapagos'),
	(329, 'Pacific/Gambier'),
	(330, 'Pacific/Guadalcanal'),
	(331, 'Pacific/Guam'),
	(332, 'Pacific/Honolulu'),
	(333, 'Pacific/Kanton'),
	(334, 'Pacific/Kiritimati'),
	(335, 'Pacific/Kosrae'),
	(336, 'Pacific/Kwajalein'),
	(337, 'Pacific/Marquesas'),
	(338, 'Pacific/Nauru'),
	(339, 'Pacific/Niue'),
	(340, 'Pacific/Norfolk'),
	(341, 'Pacific/Noumea'),
	(342, 'Pacific/Pago_Pago'),
	(343, 'Pacific/Palau'),
	(344, 'Pacific/Pitcairn'),
	(345, 'Pacific/Port_Moresby'),
	(346, 'Pacific/Rarotonga'),
	(347, 'Pacific/Tahiti'),
	(348, 'Pacific/Tarawa'),
	(349, 'Pacific/Tongatapu'),
	(350, 'PST8PDT'),
	(351, 'WET');

-- Dumping structure for table diplomski_app.travel_class
DROP TABLE IF EXISTS `travel_class`;
CREATE TABLE IF NOT EXISTS `travel_class` (
  `travel_class_id` int(10) unsigned NOT NULL AUTO_INCREMENT,
  `travel_class_name` enum('Business','Economy') NOT NULL,
  `travel_class_subname` varchar(64) NOT NULL,
  PRIMARY KEY (`travel_class_id`) USING BTREE,
  UNIQUE KEY `uq_travel_class_subname` (`travel_class_subname`) USING BTREE
) ENGINE=InnoDB DEFAULT CHARSET=utf8mb4 COLLATE=utf8mb4_unicode_ci;

-- Dumping data for table diplomski_app.travel_class: ~4 rows (approximately)
DELETE FROM `travel_class`;
INSERT INTO `travel_class` (`travel_class_id`, `travel_class_name`, `travel_class_subname`) VALUES
	(1, 'Economy', 'Basic Economy'),
	(2, 'Economy', 'Economy'),
	(3, 'Economy', 'Economy+'),
	(5, 'Business', 'Business'),
	(6, 'Business', 'Business+');

-- Dumping structure for table diplomski_app.user
DROP TABLE IF EXISTS `user`;
CREATE TABLE IF NOT EXISTS `user` (
  `user_id` int(10) unsigned NOT NULL AUTO_INCREMENT,
  `forename` varchar(64) NOT NULL,
  `surname` varchar(64) NOT NULL,
  `email` varchar(128) NOT NULL,
  `password_hash` varchar(128) NOT NULL,
  `is_active` tinyint(1) unsigned NOT NULL DEFAULT 0,
  `created_at` timestamp NOT NULL DEFAULT current_timestamp(),
  `updated_at` timestamp NULL DEFAULT NULL ON UPDATE current_timestamp(),
  `activation_code` varchar(128) DEFAULT NULL,
  `password_reset_code` varchar(128) DEFAULT NULL,
  PRIMARY KEY (`user_id`),
  UNIQUE KEY `uq_user_email` (`email`),
  UNIQUE KEY `uq_user_password_hash` (`password_hash`),
  UNIQUE KEY `uq_user_activation_code` (`activation_code`),
  UNIQUE KEY `uq_user_password_reset_code` (`password_reset_code`)
) ENGINE=InnoDB DEFAULT CHARSET=utf8mb4 COLLATE=utf8mb4_unicode_ci;

-- Dumping data for table diplomski_app.user: ~2 rows (approximately)
DELETE FROM `user`;
INSERT INTO `user` (`user_id`, `forename`, `surname`, `email`, `password_hash`, `is_active`, `created_at`, `updated_at`, `activation_code`, `password_reset_code`) VALUES
	(3, 'Milos', 'Jeknic', 'milosjeknic@hotmail.rs', '$2b$10$J1UH0xCp0x83keaLA74O..UkSrQTabxK.ccgcB/73NyaphUt29WhW', 1, '2022-08-13 09:03:58', '2023-07-19 17:32:01', NULL, '84b94d3b-a1fb-4b2d-a5e7-1c9915669c17-dad80660-ed09-43d8-9e23-7f2e971db585'),
	(12, 'Miloš', 'Jeknić', 'milosjeknic1@gmail.com', '$2b$10$vFYyA6OzT6PdsMOnDCpS/OlqC02smtyk9eMBCJVA95FG9qEMRkzLS', 1, '2023-03-13 11:41:18', '2023-03-13 12:54:29', NULL, NULL);

-- Dumping structure for trigger diplomski_app.bi_flight
DROP TRIGGER IF EXISTS `bi_flight`;
SET @OLDTMP_SQL_MODE=@@SQL_MODE, SQL_MODE='NO_ZERO_IN_DATE,NO_ZERO_DATE,NO_ENGINE_SUBSTITUTION';
DELIMITER //
CREATE TRIGGER `bi_flight` BEFORE INSERT ON `flight` FOR EACH ROW BEGIN
	IF NEW.arrival_date_and_time <= NEW.departure_date_and_time THEN
		SIGNAL SQLSTATE '45000' SET MESSAGE_TEXT = 'Arrival date must be later than the departure one!';
	END IF;
	
	IF NEW.departure_date_and_time <= NOW() THEN
		SIGNAL SQLSTATE '45001' SET MESSAGE_TEXT = 'The departure date of a flight cannot be set in the past!';
	END IF;
END//
DELIMITER ;
SET SQL_MODE=@OLDTMP_SQL_MODE;

/*!40103 SET TIME_ZONE=IFNULL(@OLD_TIME_ZONE, 'system') */;
/*!40101 SET SQL_MODE=IFNULL(@OLD_SQL_MODE, '') */;
/*!40014 SET FOREIGN_KEY_CHECKS=IFNULL(@OLD_FOREIGN_KEY_CHECKS, 1) */;
/*!40101 SET CHARACTER_SET_CLIENT=@OLD_CHARACTER_SET_CLIENT */;
/*!40111 SET SQL_NOTES=IFNULL(@OLD_SQL_NOTES, 1) */;
